[Licensing::Module] Trying to connect to existing licensing client channel...
Built from '6000.6/respin/6000.6.0f1-fa21a270ab12' branch; Version is '6000.6.0f1 (f7f8ed4d1e24) revision 16251117'; Using compiler version '194234433'; Build Type 'Release'
OS: 'Windows 11  (10.0.26200) Professional' Language: 'ru' Physical Memory: 16220 MB
BatchMode: 1, IsHumanControllingUs: 0, StartBugReporterOnCrash: 0, Is64bit: 1
System  architecture: x64
Process architecture: x64
Date: 2026-09-30T19:10:03Z
[Licensing::IpcConnector] Successfully connected to: "LicenseClient-kogamadsaw" at "2026-09-30T19:10:03.3606383Z"
[Licensing::Client] Code 10 while verifying Licensing Client signature (process Id: 16360, path: "C:/Program Files/Unity Hub/UnityLicensingClient_V1/Unity.Licensing.Client.exe")
[Licensing::Module] LicensingClient has failed validation; ignoring
[Licensing::Client] Handshaking with LicensingClient:
  Version:                 1.18.3+d7ffd15
  Session Id:              1fe9a459b44442a487972f2f41372e92
  Correlation Id:          11ef70c9396804459bbe67f2035cc597
  External correlation Id: 2354562911081301372
  Machine Id:              8cIMTWkSuReIpYdnTGWSdKL1YOw=
[Licensing::Module] Successfully connected to LicensingClient on channel: "LicenseClient-kogamadsaw" (connect: 0.00s, validation: 0.00s, handshake: 0.05s)
[Licensing::IpcConnector] Successfully connected to: "LicenseClient-kogamadsaw-notifications" at "2026-09-30T19:10:03.4155541Z"
[Licensing::Module] Licensing Background thread has ended after 0.06s

COMMAND LINE ARGUMENTS:
C:\Program Files\Unity\Hub\Editor\6000.6.0f1\Editor\Unity.exe
-adb2
-batchMode
-noUpm
-name
AssetImportWorkerHW0
-projectPath
C:/Users/kogamadsaw/My project
-logFile
Logs/AssetImportWorkerHW0.log
-srvPort
55388
-parentPid
21132
-analyticsCloudUserId
anonymous
-analyticsCloudProjectId
47c373e1-a1cd-4fc7-8e5e-67b7919cf2a3
-analyticsLocalProjectId
b052647ad4aeaf94592bccb406d854a5
-editorAnalyticsEnabled
1
-cbmEditorLicense
36b9f16e87c2c8bd26ab8b5e33dd3df7d0222237
-cbmMachineId
8cIMTWkSuReIpYdnTGWSdKL1YOw=
-licensingIpc
LicenseClient-kogamadsaw
-noDiagnosticSwitchPersistentStore
-job-worker-count
3
-background-job-worker-count
8
-asset-garbage-collectors
1
-force-d3d12
-name
AssetImport
Successfully changed project path to: C:/Users/kogamadsaw/My project
C:/Users/kogamadsaw/My project
[UnityMemory] Configuration Parameters - Can be set up in boot.config
    "memorysetup-temp-allocator-size-gi-baking-worker=262144"
    "memorysetup-temp-allocator-size-gi-baking-worker=262144"
    "memorysetup-temp-allocator-size-gi-baking-worker=262144"
    "memorysetup-temp-allocator-size-gi-baking-worker=262144"
    "memorysetup-temp-allocator-size-gi-baking-worker=262144"
    "memorysetup-temp-allocator-size-nav-mesh-worker=65536"
    "memorysetup-temp-allocator-size-audio-worker=65536"
    "memorysetup-temp-allocator-size-cloud-worker=32768"
    "memorysetup-temp-allocator-size-gfx=262144"
    "memorysetup-remapper-allocator-initial-capacity=32768"
    "memorysetup-temp-allocator-size-preload-manager=33554432"
    "memorysetup-allocator-temp-initial-block-size-main=262144"
    "memorysetup-allocator-temp-initial-block-size-worker=262144"
    "memorysetup-temp-allocator-size-job-worker=262144"
    "memorysetup-temp-allocator-size-background-worker=32768"
    "memorysetup-bucket-allocator-granularity=16"
    "memorysetup-bucket-allocator-bucket-count=8"
    "memorysetup-bucket-allocator-block-size=33554432"
    "memorysetup-bucket-allocator-block-count=8"
    "memorysetup-main-allocator-block-size=16777216"
    "memorysetup-thread-allocator-block-size=16777216"
    "memorysetup-main-allocator-mimalloc-enabled=1"
    "memorysetup-gfx-main-allocator-block-size=16777216"
    "memorysetup-gfx-thread-allocator-block-size=16777216"
    "memorysetup-cache-allocator-block-size=4194304"
    "memorysetup-typetree-allocator-block-size=2097152"
    "memorysetup-profiler-bucket-allocator-granularity=16"
    "memorysetup-profiler-bucket-allocator-bucket-count=8"
    "memorysetup-profiler-bucket-allocator-block-size=33554432"
    "memorysetup-profiler-bucket-allocator-block-count=8"
    "memorysetup-profiler-allocator-block-size=16777216"
    "memorysetup-profiler-editor-allocator-block-size=1048576"
    "memorysetup-temp-allocator-size-main=16777216"
    "memorysetup-job-temp-allocator-block-size=2097152"
    "memorysetup-job-temp-allocator-block-size-background=1048576"
    "memorysetup-job-temp-allocator-reduction-small-platforms=262144"
Player connection [21516]  Target information:

Player connection [21516]  * "[IP] 192.168.0.175 [Port] 0 [Flags] 2 [Guid] 3726972988 [EditorId] 3726972988 [Version] 1048832 [Id] WindowsEditor(7,DESKTOP-9MDTENH) [Debug] 1 [PackageName] WindowsEditor [ProjectName] Editor" 

Player connection [21516] Host joined multi-casting on [225.0.0.222:54997]...
Player connection [21516] Host joined alternative multi-casting on [225.0.0.222:34997]...
JobSystem: Creating JobQueue using job-worker-count value 3
Input System module state changed to: Initialized.
[Physics::Module] Initialized fallback backend.
[Physics::Module] Id: 0xdecafbad
Library Redirect Path: Library/
Initialising UDS system complete:
  - System type: Client
  - Resource namespace: a6039d491c6ce2159869957b77576454
  - Shared memory size: 1073741824
  - Command buffer id: 1052576
  - Command buffer size: 8192
  - Hashmap size: 4194304
  - Service connected: true
  - Service working directory: Library/DataStore/
[Physics::Module] Selected backend.
[Physics::Module] Name: PhysX
[Physics::Module] Id: 0xf2b8ea05
[Physics::Module] SDK Version: 4.1.2
[Physics::Module] Integration Version: 1.0.0
[Physics::Module] Threading Mode: Multi-Threaded
Refreshing native plugins compatible for Editor in 5.72 ms, found 6 plugins.
Initialize engine version: 6000.6.0f1 (f7f8ed4d1e24)
[EntityIdStore] init: VM path (explicit commit), pageSize=4096, blockCount=1048576, entitiesPerBlock=256, slots reserved=4294967296 bytes
[Subsystems] Discovering subsystems at path C:/Program Files/Unity/Hub/Editor/6000.6.0f1/Editor/Data/Resources/UnitySubsystems
[Subsystems] Discovering subsystems at path C:/Users/kogamadsaw/My project/Assets
Forcing GfxDevice: Direct3D 12
GfxDevice: creating device client; kGfxThreadingModeNonThreaded
d3d12: failed to query info queue interface (0x80004002).
Direct3D:
    Version:         Direct3D 12 [level 12.2]
    Renderer:        NVIDIA GeForce RTX 3050 (ID=0x2582)
    Vendor:          NVIDIA
    VRAM:            8042 MB
    App VRAM Budget: 7274 MB
    Driver:          32.0.16.1714
Initialize mono
Mono path[0] = 'C:/Program Files/Unity/Hub/Editor/6000.6.0f1/Editor/Data/Managed'
Mono path[1] = 'C:/Program Files/Unity/Hub/Editor/6000.6.0f1/Editor/Data/BCLExtensions/runtime/netstandard2.1'
Mono path[2] = 'C:/Program Files/Unity/Hub/Editor/6000.6.0f1/Editor/Data/MonoBleedingEdge/lib/mono/unityjit-win32'
Mono config path = 'C:/Program Files/Unity/Hub/Editor/6000.6.0f1/Editor/Data/MonoBleedingEdge/etc'
Using monoOptions --debugger-agent=transport=dt_socket,embedding=1,server=y,suspend=n,address=127.0.0.1:56976
CodeReloadManager initialized
Begin MonoManager ReloadAssembly
Registering precompiled unity dll's ...
Register platform support module: C:/Program Files/Unity/Hub/Editor/6000.6.0f1/Editor/Data/PlaybackEngines/WebGLSupport/UnityEditor.WebGL.Extensions.dll
Register platform support module: C:/Program Files/Unity/Hub/Editor/6000.6.0f1/Editor/Data/PlaybackEngines/WindowsStandaloneSupport/UnityEditor.WindowsStandalone.Extensions.dll
Registered in 0.003951 seconds.
Native extension for WindowsStandalone target not found
Native extension for WebGL target not found
Package Manager log level set to [2]
[Package Manager] Failed to launch server process. Reason: Unity was launched with the -noUpm command-line argument
[Package Manager] Unable to send message (not connected to server process).
[Package Manager] Cannot connect to Unity Package Manager local server
ScheduleIndexationOnStartup MainProcess:False IndexOnStartup:True
Scripting: successfully reloaded assembly
- Finished resetting the current domain, in  0.499 seconds
Domain Reload Profiling: 1372ms
	BeginReloadAssembly (209ms)
	RebuildCommonClasses (9ms)
	RebuildNativeTypeToScriptingClass (33ms)
	initialDomainReloadingComplete (121ms)
	LoadAllAssembliesAndSetupDomain (499ms)
		LoadAssemblies (205ms)
		TypeCache.Refresh (379ms)
			TypeCache.ScanAssembly (363ms)
		AnalyzeDomain (1ms)
	FinalizeReload (500ms)
		SetupLoadedEditorAssemblies (0ms)
			BeforeProcessingInitializeOnLoad (114ms)
			ProcessInitializeOnLoadAttributes (99ms)
			ProcessInitializeOnLoadMethodAttributes (187ms)
Initializing Unity extensions:
[Licensing::Client] Successfully resolved entitlement details
[Licensing::Module] License group:
  Id: 10171263420869-UnityPersXXXX
  Product: Unity Personal
  Type: Assigned
  Expiration: Unlimited
========================================================================
Worker process is ready to serve import requests
Import Worker Mode flag is 0x00
Begin MonoManager ReloadAssembly
Symbol file LoadedFromMemory is not a mono symbol file
Symbol file LoadedFromMemory is not a mono symbol file
'Packages/com.unity.render-pipelines.core/Editor/Deprecated.cs' contains partial class of Unity.Object, exactly 1 of the partial classes needs to be in a file with the same filename. This is to know the one that can be referenced from ie. GameObjects
'Packages/com.unity.render-pipelines.core/Editor/Deprecated.cs' contains partial class of Unity.Object, exactly 1 of the partial classes needs to be in a file with the same filename. This is to know the one that can be referenced from ie. GameObjects
Refreshing native plugins compatible for Editor in 4.20 ms, found 6 plugins.
Native extension for WindowsStandalone target not found
Native extension for WebGL target not found
[Package Manager] Failed to launch server process. Reason: Unity was launched with the -noUpm command-line argument
[Package Manager] Unable to send message (not connected to server process).
[Package Manager] Cannot connect to Unity Package Manager local server
Refreshing native plugins compatible for Editor in 4.84 ms, found 6 plugins.
[Package Manager] Failed to launch server process. Reason: Unity was launched with the -noUpm command-line argument
[Package Manager] Unable to send message (not connected to server process).
[Package Manager] Cannot connect to Unity Package Manager local server
[Licensing::Client] Error: Code 404 while processing request (status: Found 0 entitlement groups and 0 free entitlements matching requested entitlement ids)
[Licensing::Client] Error: Code 404 while processing request (status: Found 0 entitlement groups and 0 free entitlements matching requested entitlement ids)
[Licensing::Client] Error: Code 404 while processing request (status: Found 0 entitlement groups and 0 free entitlements matching requested entitlement ids)
ScheduleIndexationOnStartup MainProcess:False IndexOnStartup:True
Scripting: successfully reloaded assembly
- Finished resetting the current domain, in  2.107 seconds
Domain Reload Profiling: 3801ms
	BeginReloadAssembly (255ms)
		DisableScriptedObjects (9ms)
		CreateAndSetChildDomain (36ms)
	RebuildCommonClasses (10ms)
	RebuildNativeTypeToScriptingClass (19ms)
	initialDomainReloadingComplete (94ms)
	LoadAllAssembliesAndSetupDomain (1315ms)
		LoadAssemblies (579ms)
		TypeCache.Refresh (533ms)
			TypeCache.ScanAssembly (501ms)
		AnalyzeDomain (135ms)
			BuildScriptInfoCaches (128ms)
			ResolveRequiredComponents (5ms)
	FinalizeReload (2108ms)
		SetupLoadedEditorAssemblies (0ms)
			LogAssemblyErrors (4ms)
			BeforeProcessingInitializeOnLoad (185ms)
			ProcessInitializeOnLoadAttributes (1098ms)
			ProcessInitializeOnLoadMethodAttributes (580ms)
			AfterProcessingInitializeOnLoad (5ms)
		AwakeInstancesAfterBackupRestoration (9ms)
AcceleratorClientConnectionCallback - disconnected - :0
Launched and connected shader compiler UnityShaderCompiler.exe after 0.01 seconds
Refreshing native plugins compatible for Editor in 4.08 ms, found 6 plugins.
Unloading 67 Unused Serialized files (Serialized files now loaded: 0)
Unloading 11105 unused Assets / (24.2 MB). Loaded Objects now: 12095.
Memory consumption went from 0.50 GB to 488.8 MB.
Total: 20.904200 ms (FindLiveObjects: 1.006100 ms CreateObjectMapping: 0.584400 ms MarkObjects: 14.885800 ms  DeleteObjects: 3.912900 ms)

========================================================================
Received Prepare
AcceleratorClientConnectionCallback - disconnected - :0
Begin MonoManager ReloadAssembly
Symbol file LoadedFromMemory is not a mono symbol file
Symbol file LoadedFromMemory is not a mono symbol file
'Packages/com.unity.render-pipelines.core/Editor/Deprecated.cs' contains partial class of Unity.Object, exactly 1 of the partial classes needs to be in a file with the same filename. This is to know the one that can be referenced from ie. GameObjects
'Packages/com.unity.render-pipelines.core/Editor/Deprecated.cs' contains partial class of Unity.Object, exactly 1 of the partial classes needs to be in a file with the same filename. This is to know the one that can be referenced from ie. GameObjects
Refreshing native plugins compatible for Editor in 3.69 ms, found 6 plugins.
Native extension for WindowsStandalone target not found
Native extension for WebGL target not found
[Package Manager] Failed to launch server process. Reason: Unity was launched with the -noUpm command-line argument
[Package Manager] Unable to send message (not connected to server process).
[Package Manager] Cannot connect to Unity Package Manager local server
Refreshing native plugins compatible for Editor in 5.46 ms, found 6 plugins.
[Package Manager] Failed to launch server process. Reason: Unity was launched with the -noUpm command-line argument
[Package Manager] Unable to send message (not connected to server process).
[Package Manager] Cannot connect to Unity Package Manager local server
[Licensing::Client] Error: Code 404 while processing request (status: Found 0 entitlement groups and 0 free entitlements matching requested entitlement ids)
[Licensing::Client] Error: Code 404 while processing request (status: Found 0 entitlement groups and 0 free entitlements matching requested entitlement ids)
[Licensing::Client] Error: Code 404 while processing request (status: Found 0 entitlement groups and 0 free entitlements matching requested entitlement ids)
ScheduleIndexationOnStartup MainProcess:False IndexOnStartup:True
Scripting: successfully reloaded assembly
- Finished resetting the current domain, in  1.779 seconds
Domain Reload Profiling: 2765ms
	BeginReloadAssembly (317ms)
		DisableScriptedObjects (19ms)
		CreateAndSetChildDomain (91ms)
	RebuildCommonClasses (11ms)
	RebuildNativeTypeToScriptingClass (22ms)
	initialDomainReloadingComplete (91ms)
	LoadAllAssembliesAndSetupDomain (545ms)
		LoadAssemblies (453ms)
		TypeCache.Refresh (10ms)
		AnalyzeDomain (8ms)
			ResolveRequiredComponents (5ms)
	FinalizeReload (1780ms)
		SetupLoadedEditorAssemblies (0ms)
			InitializePlatformSupportModulesInManaged (3ms)
			BeforeProcessingInitializeOnLoad (178ms)
			ProcessInitializeOnLoadAttributes (903ms)
			ProcessInitializeOnLoadMethodAttributes (390ms)
			AfterProcessingInitializeOnLoad (5ms)
		AwakeInstancesAfterBackupRestoration (26ms)
Refreshing native plugins compatible for Editor in 4.56 ms, found 6 plugins.
Unloading 67 Unused Serialized files (Serialized files now loaded: 0)
Unloading 11103 unused Assets / (22.2 MB). Loaded Objects now: 12099.
Memory consumption went from 484.4 MB to 462.3 MB.
Total: 20.466300 ms (FindLiveObjects: 0.816000 ms CreateObjectMapping: 0.620500 ms MarkObjects: 14.615200 ms  DeleteObjects: 4.067800 ms)

Prepare: number of updated asset objects reloaded= 0
========================================================================
Received Import Request.
  Time of request: 2026-09-30T19:10:23.4816551Z
  Time since last request: 21070.38934359999985 seconds.
  importAddress: GUID: 3dc694ec3b9f1ed44a47758096416f51 - Path: Assets/Scripts/Trench.cs - Importer: ScriptedImporter/UnityEditor.QuickSearchModule:UnityEditor.Search:ASIAI0B
Importing 'GUID: 3dc694ec3b9f1ed44a47758096416f51 - Path: Assets/Scripts/Trench.cs - Importer: ScriptedImporter/UnityEditor.QuickSearchModule:UnityEditor.Search:ASIAI0B' with importer (ScriptedImporter : UnityEditor.QuickSearchModule:UnityEditor.Search:ASIAI0B)
Imported 'GUID: 3dc694ec3b9f1ed44a47758096416f51' -> (Import Result ID: 'b568cd1a9813874070fb7cab43e5d6ac') in 0.093 seconds [static and dynamic dependencies]. Details - ImportResultOutputID=e7db685088a7bf4a70601665a97afe48 DependenciesID=6f8a1b82a3ee5171bd832f686ccb7c47 StaticDependenciesID=0f11ff2f3a3ae16d4e10d6c60a07dce6 
Number of updated asset objects reloaded before import = 0
Number of asset objects unloaded after import = 0
========================================================================
Received Import Request.
  Time of request: 2026-09-30T19:10:23.5946358Z
  Time since last request: 0.0006936 seconds.
  importAddress: GUID: 8c9cfa26abfee488c85f1582747f6a02 - Path: Assets/Scenes/SampleScene.unity - Importer: ScriptedImporter/UnityEditor.QuickSearchModule:UnityEditor.Search:ASIAI0B
Importing 'GUID: 8c9cfa26abfee488c85f1582747f6a02 - Path: Assets/Scenes/SampleScene.unity - Importer: ScriptedImporter/UnityEditor.QuickSearchModule:UnityEditor.Search:ASIAI0B' with importer (ScriptedImporter : UnityEditor.QuickSearchModule:UnityEditor.Search:ASIAI0B)
Imported 'GUID: 8c9cfa26abfee488c85f1582747f6a02' -> (Import Result ID: '816c6c64429917d848c909705b065e2d') in 0.006 seconds [static and dynamic dependencies]. Details - ImportResultOutputID=694ac6273c42c6a432efe69088902d61 DependenciesID=39f28b533fa3e999da214cbace1430f4 StaticDependenciesID=a59ea594c5df4da675702b7c5dc34a7c 
Number of updated asset objects reloaded before import = 0
Number of asset objects unloaded after import = 1
========================================================================
Received Import Request.
  Time of request: 2026-09-30T19:10:23.61985Z
  Time since last request: 0.0004201 seconds.
  importAddress: GUID: e0a98cab8d3f6de449773c1b810bac8a - Path: Assets/Scripts/TrenchOptions.cs - Importer: ScriptedImporter/UnityEditor.QuickSearchModule:UnityEditor.Search:ASIAI0B
Importing 'GUID: e0a98cab8d3f6de449773c1b810bac8a - Path: Assets/Scripts/TrenchOptions.cs - Importer: ScriptedImporter/UnityEditor.QuickSearchModule:UnityEditor.Search:ASIAI0B' with importer (ScriptedImporter : UnityEditor.QuickSearchModule:UnityEditor.Search:ASIAI0B)
Imported 'GUID: e0a98cab8d3f6de449773c1b810bac8a' -> (Import Result ID: '03cdde139592d3b1df7d1e0b2c9699e2') in 0.002 seconds [static and dynamic dependencies]. Details - ImportResultOutputID=db285a3ffdfde3f9fc7a5bbc799f0850 DependenciesID=307ecdf6006e74df6f6ee44f65f086f5 StaticDependenciesID=567e49e4798d767e758a97f9349c0a42 
Number of updated asset objects reloaded before import = 0
Number of asset objects unloaded after import = 0
========================================================================
Received Import Request.
  Time of request: 2026-09-30T19:10:23.6368196Z
  Time since last request: 0.0003374 seconds.
  importAddress: GUID: 576225989c588894eb5d46db3937c991 - Path: Assets/Scripts/SquadTargetPosition.cs - Importer: ScriptedImporter/UnityEditor.QuickSearchModule:UnityEditor.Search:ASIAI0B
Importing 'GUID: 576225989c588894eb5d46db3937c991 - Path: Assets/Scripts/SquadTargetPosition.cs - Importer: ScriptedImporter/UnityEditor.QuickSearchModule:UnityEditor.Search:ASIAI0B' with importer (ScriptedImporter : UnityEditor.QuickSearchModule:UnityEditor.Search:ASIAI0B)
Imported 'GUID: 576225989c588894eb5d46db3937c991' -> (Import Result ID: '1c056a916941981b49a922c54edcd61e') in 0.002 seconds [static and dynamic dependencies]. Details - ImportResultOutputID=53bd8ac918af0343a806d36169f4d690 DependenciesID=72a757c02d4e62ff14338a01bb56fa0e StaticDependenciesID=eec7b9c6f5a2ad38ca1ce9b9cd95be2b 
Number of updated asset objects reloaded before import = 0
Number of asset objects unloaded after import = 0
========================================================================
Received Import Request.
  Time of request: 2026-09-30T19:10:23.6548851Z
  Time since last request: 0.000315 seconds.
  importAddress: GUID: eeaffbf5d6ce47b438150fd11e8d65a4 - Path: Assets/Prefabs/Trench.prefab - Importer: ScriptedImporter/UnityEditor.QuickSearchModule:UnityEditor.Search:ASIAI0B
Importing 'GUID: eeaffbf5d6ce47b438150fd11e8d65a4 - Path: Assets/Prefabs/Trench.prefab - Importer: ScriptedImporter/UnityEditor.QuickSearchModule:UnityEditor.Search:ASIAI0B' with importer (ScriptedImporter : UnityEditor.QuickSearchModule:UnityEditor.Search:ASIAI0B)
Imported 'GUID: eeaffbf5d6ce47b438150fd11e8d65a4' -> (Import Result ID: '150a389622593b19c5878a318afddc1b') in 0.078 seconds [static and dynamic dependencies]. Details - ImportResultOutputID=47304c6f9f045b9b74a37d50bf68ee60 DependenciesID=d09c9f3da437851d7057c680dc2bde44 StaticDependenciesID=263764c53449bcf9ba1bee8530730058 
Number of updated asset objects reloaded before import = 0
Number of asset objects unloaded after import = 14
========================================================================
Received Import Request.
  Time of request: 2026-09-30T19:10:28.2938533Z
  Time since last request: 4.5466759 seconds.
  importAddress: GUID: dfafe6a09882ebb4e98592b5d421d37d - Path: Assets/Scripts/CameraMovement.cs - Importer: PreviewImporter
Importing 'GUID: dfafe6a09882ebb4e98592b5d421d37d - Path: Assets/Scripts/CameraMovement.cs - Importer: PreviewImporter' with importer (PreviewImporter)
Imported 'GUID: dfafe6a09882ebb4e98592b5d421d37d' -> (Import Result ID: 'cceee86d3ae42059820bf55ded7445e9') in 0.001 seconds [static and dynamic dependencies]. Details - ImportResultOutputID=af886edcc15a52095ce172882f1fc336 DependenciesID=1b097b70d2e4faf6a3545da69b8ff520 StaticDependenciesID=8458914b7a101f532d554e5db7b4c9d7 
Number of updated asset objects reloaded before import = 0
Number of asset objects unloaded after import = 0
========================================================================
Received Import Request.
  Time of request: 2026-09-30T19:12:09.2551248Z
  Time since last request: 100.938644 seconds.
  importAddress: GUID: 3dc694ec3b9f1ed44a47758096416f51 - Path: Assets/Scripts/Trench.cs - Importer: PreviewImporter
Importing 'GUID: 3dc694ec3b9f1ed44a47758096416f51 - Path: Assets/Scripts/Trench.cs - Importer: PreviewImporter' with importer (PreviewImporter)
Imported 'GUID: 3dc694ec3b9f1ed44a47758096416f51' -> (Import Result ID: 'fe572feab5d63336b50a68d8803602b3') in 0.001 seconds [static and dynamic dependencies]. Details - ImportResultOutputID=5aae4c0019eff4e57c437c4d52b96d2a DependenciesID=000773d1b96dd15d7a4fef7f13b5909c StaticDependenciesID=cd31ae8315ba726b9d22b90a3f2df332 
Number of updated asset objects reloaded before import = 0
Number of asset objects unloaded after import = 0
========================================================================
Received Prepare
AcceleratorClientConnectionCallback - disconnected - :0
'Packages/com.unity.render-pipelines.core/Editor/Deprecated.cs' contains partial class of Unity.Object, exactly 1 of the partial classes needs to be in a file with the same filename. This is to know the one that can be referenced from ie. GameObjects
'Packages/com.unity.render-pipelines.core/Editor/Deprecated.cs' contains partial class of Unity.Object, exactly 1 of the partial classes needs to be in a file with the same filename. This is to know the one that can be referenced from ie. GameObjects
Refreshing native plugins compatible for Editor in 3.86 ms, found 6 plugins.
Unloading 67 Unused Serialized files (Serialized files now loaded: 0)
Unloading 11078 unused Assets / (21.7 MB). Loaded Objects now: 12101.
Memory consumption went from 485.4 MB to 463.8 MB.
Total: 23.177000 ms (FindLiveObjects: 0.842100 ms CreateObjectMapping: 0.679200 ms MarkObjects: 16.243000 ms  DeleteObjects: 5.052400 ms)

Prepare: number of updated asset objects reloaded= 0
========================================================================
Received Import Request.
  Time of request: 2026-09-30T19:13:26.7716855Z
  Time since last request: 77.49940770000001 seconds.
  importAddress: GUID: 3dc694ec3b9f1ed44a47758096416f51 - Path: Assets/Scripts/Trench.cs - Importer: ScriptedImporter/UnityEditor.QuickSearchModule:UnityEditor.Search:ASIAI0B
Importing 'GUID: 3dc694ec3b9f1ed44a47758096416f51 - Path: Assets/Scripts/Trench.cs - Importer: ScriptedImporter/UnityEditor.QuickSearchModule:UnityEditor.Search:ASIAI0B' with importer (ScriptedImporter : UnityEditor.QuickSearchModule:UnityEditor.Search:ASIAI0B)
Imported 'GUID: 3dc694ec3b9f1ed44a47758096416f51' -> (Import Result ID: '76542885096fe90b3b1ad1096fa87ec0') in 0.002 seconds [static and dynamic dependencies]. Details - ImportResultOutputID=d80e0456532b4cf15c3c4c33644a0c84 DependenciesID=14ff9e2b3cfa385a966981f286d3f3ef StaticDependenciesID=8a496eb1ecccf6f5753e59fb9a6c8043 
Number of updated asset objects reloaded before import = 0
Number of asset objects unloaded after import = 0
========================================================================
Received Prepare
AcceleratorClientConnectionCallback - disconnected - :0
[Licensing::Client] Successfully resolved entitlement details
Begin MonoManager ReloadAssembly
Symbol file LoadedFromMemory is not a mono symbol file
Symbol file LoadedFromMemory is not a mono symbol file
'Packages/com.unity.render-pipelines.core/Editor/Deprecated.cs' contains partial class of Unity.Object, exactly 1 of the partial classes needs to be in a file with the same filename. This is to know the one that can be referenced from ie. GameObjects
'Packages/com.unity.render-pipelines.core/Editor/Deprecated.cs' contains partial class of Unity.Object, exactly 1 of the partial classes needs to be in a file with the same filename. This is to know the one that can be referenced from ie. GameObjects
Refreshing native plugins compatible for Editor in 2.31 ms, found 6 plugins.
Native extension for WindowsStandalone target not found
Native extension for WebGL target not found
[Package Manager] Failed to launch server process. Reason: Unity was launched with the -noUpm command-line argument
[Package Manager] Unable to send message (not connected to server process).
[Package Manager] Cannot connect to Unity Package Manager local server
Refreshing native plugins compatible for Editor in 7.37 ms, found 6 plugins.
[Package Manager] Failed to launch server process. Reason: Unity was launched with the -noUpm command-line argument
[Package Manager] Unable to send message (not connected to server process).
[Package Manager] Cannot connect to Unity Package Manager local server
[Licensing::Client] Error: Code 404 while processing request (status: Found 0 entitlement groups and 0 free entitlements matching requested entitlement ids)
ScheduleIndexationOnStartup MainProcess:False IndexOnStartup:True
Scripting: successfully reloaded assembly
- Finished resetting the current domain, in  1.647 seconds
Domain Reload Profiling: 3122ms
	BeginReloadAssembly (396ms)
		DisableScriptedObjects (18ms)
		CreateAndSetChildDomain (147ms)
	RebuildCommonClasses (10ms)
	RebuildNativeTypeToScriptingClass (29ms)
	initialDomainReloadingComplete (105ms)
	LoadAllAssembliesAndSetupDomain (934ms)
		LoadAssemblies (505ms)
		TypeCache.Refresh (18ms)
		AnalyzeDomain (339ms)
			BuildScriptInfoCaches (331ms)
			ResolveRequiredComponents (6ms)
	FinalizeReload (1648ms)
		SetupLoadedEditorAssemblies (0ms)
			BeforeProcessingInitializeOnLoad (162ms)
			ProcessInitializeOnLoadAttributes (749ms)
			ProcessInitializeOnLoadMethodAttributes (453ms)
			AfterProcessingInitializeOnLoad (4ms)
		AwakeInstancesAfterBackupRestoration (33ms)
Refreshing native plugins compatible for Editor in 4.00 ms, found 6 plugins.
Unloading 67 Unused Serialized files (Serialized files now loaded: 0)
Unloading 11103 unused Assets / (22.5 MB). Loaded Objects now: 12104.
Memory consumption went from 507.3 MB to 484.8 MB.
Total: 17.480600 ms (FindLiveObjects: 0.830400 ms CreateObjectMapping: 0.703700 ms MarkObjects: 12.844300 ms  DeleteObjects: 2.760800 ms)

Prepare: number of updated asset objects reloaded= 0
========================================================================
Received Prepare
AcceleratorClientConnectionCallback - disconnected - :0
'Packages/com.unity.render-pipelines.core/Editor/Deprecated.cs' contains partial class of Unity.Object, exactly 1 of the partial classes needs to be in a file with the same filename. This is to know the one that can be referenced from ie. GameObjects
'Packages/com.unity.render-pipelines.core/Editor/Deprecated.cs' contains partial class of Unity.Object, exactly 1 of the partial classes needs to be in a file with the same filename. This is to know the one that can be referenced from ie. GameObjects
Refreshing native plugins compatible for Editor in 3.09 ms, found 6 plugins.
Unloading 67 Unused Serialized files (Serialized files now loaded: 0)
Unloading 11078 unused Assets / (21.6 MB). Loaded Objects now: 12104.
Memory consumption went from 510.0 MB to 488.4 MB.
Total: 20.301800 ms (FindLiveObjects: 0.781400 ms CreateObjectMapping: 0.528900 ms MarkObjects: 14.990500 ms  DeleteObjects: 3.633500 ms)

Prepare: number of updated asset objects reloaded= 0
========================================================================
Received Prepare
AcceleratorClientConnectionCallback - disconnected - :0
Begin MonoManager ReloadAssembly
Symbol file LoadedFromMemory is not a mono symbol file
Symbol file LoadedFromMemory is not a mono symbol file
'Packages/com.unity.render-pipelines.core/Editor/Deprecated.cs' contains partial class of Unity.Object, exactly 1 of the partial classes needs to be in a file with the same filename. This is to know the one that can be referenced from ie. GameObjects
'Packages/com.unity.render-pipelines.core/Editor/Deprecated.cs' contains partial class of Unity.Object, exactly 1 of the partial classes needs to be in a file with the same filename. This is to know the one that can be referenced from ie. GameObjects
Refreshing native plugins compatible for Editor in 3.00 ms, found 6 plugins.
Native extension for WindowsStandalone target not found
Native extension for WebGL target not found
[Package Manager] Failed to launch server process. Reason: Unity was launched with the -noUpm command-line argument
[Package Manager] Unable to send message (not connected to server process).
[Package Manager] Cannot connect to Unity Package Manager local server
Refreshing native plugins compatible for Editor in 4.26 ms, found 6 plugins.
[Package Manager] Failed to launch server process. Reason: Unity was launched with the -noUpm command-line argument
[Package Manager] Unable to send message (not connected to server process).
[Package Manager] Cannot connect to Unity Package Manager local server
[Licensing::Client] Error: Code 404 while processing request (status: Found 0 entitlement groups and 0 free entitlements matching requested entitlement ids)
ScheduleIndexationOnStartup MainProcess:False IndexOnStartup:True
Scripting: successfully reloaded assembly
- Finished resetting the current domain, in  1.726 seconds
Domain Reload Profiling: 3904ms
	BeginReloadAssembly (742ms)
		DisableScriptedObjects (27ms)
		CreateAndSetChildDomain (288ms)
	RebuildCommonClasses (30ms)
	RebuildNativeTypeToScriptingClass (45ms)
	initialDomainReloadingComplete (288ms)
	LoadAllAssembliesAndSetupDomain (1071ms)
		LoadAssemblies (707ms)
		TypeCache.Refresh (15ms)
		AnalyzeDomain (418ms)
			BuildScriptInfoCaches (410ms)
			ResolveRequiredComponents (6ms)
	FinalizeReload (1727ms)
		SetupLoadedEditorAssemblies (0ms)
			InitializePlatformSupportModulesInManaged (4ms)
			BeforeProcessingInitializeOnLoad (245ms)
			ProcessInitializeOnLoadAttributes (761ms)
			ProcessInitializeOnLoadMethodAttributes (424ms)
			AfterProcessingInitializeOnLoad (4ms)
		AwakeInstancesAfterBackupRestoration (28ms)
Refreshing native plugins compatible for Editor in 3.45 ms, found 6 plugins.
Unloading 67 Unused Serialized files (Serialized files now loaded: 0)
Unloading 11103 unused Assets / (22.5 MB). Loaded Objects now: 12107.
Memory consumption went from 0.51 GB to 499.4 MB.
Total: 17.804700 ms (FindLiveObjects: 0.791700 ms CreateObjectMapping: 0.821000 ms MarkObjects: 13.081600 ms  DeleteObjects: 2.769100 ms)

Prepare: number of updated asset objects reloaded= 0
========================================================================
Received Prepare
AcceleratorClientConnectionCallback - disconnected - :0
'Packages/com.unity.render-pipelines.core/Editor/Deprecated.cs' contains partial class of Unity.Object, exactly 1 of the partial classes needs to be in a file with the same filename. This is to know the one that can be referenced from ie. GameObjects
'Packages/com.unity.render-pipelines.core/Editor/Deprecated.cs' contains partial class of Unity.Object, exactly 1 of the partial classes needs to be in a file with the same filename. This is to know the one that can be referenced from ie. GameObjects
Refreshing native plugins compatible for Editor in 2.94 ms, found 6 plugins.
Unloading 67 Unused Serialized files (Serialized files now loaded: 0)
Unloading 11078 unused Assets / (23.0 MB). Loaded Objects now: 12107.
Memory consumption went from 0.51 GB to 501.5 MB.
Total: 19.552700 ms (FindLiveObjects: 0.871000 ms CreateObjectMapping: 0.600600 ms MarkObjects: 14.594600 ms  DeleteObjects: 3.140300 ms)

Prepare: number of updated asset objects reloaded= 0
========================================================================
Received Prepare
AcceleratorClientConnectionCallback - disconnected - :0
[Licensing::Client] Successfully resolved entitlement details
Begin MonoManager ReloadAssembly
Symbol file LoadedFromMemory is not a mono symbol file
Symbol file LoadedFromMemory is not a mono symbol file
'Packages/com.unity.render-pipelines.core/Editor/Deprecated.cs' contains partial class of Unity.Object, exactly 1 of the partial classes needs to be in a file with the same filename. This is to know the one that can be referenced from ie. GameObjects
'Packages/com.unity.render-pipelines.core/Editor/Deprecated.cs' contains partial class of Unity.Object, exactly 1 of the partial classes needs to be in a file with the same filename. This is to know the one that can be referenced from ie. GameObjects
Refreshing native plugins compatible for Editor in 3.35 ms, found 6 plugins.
Native extension for WindowsStandalone target not found
Native extension for WebGL target not found
[Package Manager] Failed to launch server process. Reason: Unity was launched with the -noUpm command-line argument
[Package Manager] Unable to send message (not connected to server process).
[Package Manager] Cannot connect to Unity Package Manager local server
Refreshing native plugins compatible for Editor in 3.60 ms, found 6 plugins.
[Package Manager] Failed to launch server process. Reason: Unity was launched with the -noUpm command-line argument
[Package Manager] Unable to send message (not connected to server process).
[Package Manager] Cannot connect to Unity Package Manager local server
[Licensing::Client] Error: Code 404 while processing request (status: Found 0 entitlement groups and 0 free entitlements matching requested entitlement ids)
ScheduleIndexationOnStartup MainProcess:False IndexOnStartup:True
Scripting: successfully reloaded assembly
- Finished resetting the current domain, in  1.637 seconds
Domain Reload Profiling: 2891ms
	BeginReloadAssembly (287ms)
		DisableScriptedObjects (18ms)
		CreateAndSetChildDomain (87ms)
	RebuildCommonClasses (8ms)
	RebuildNativeTypeToScriptingClass (19ms)
	initialDomainReloadingComplete (85ms)
	LoadAllAssembliesAndSetupDomain (853ms)
		LoadAssemblies (404ms)
		TypeCache.Refresh (20ms)
		AnalyzeDomain (341ms)
			BuildScriptInfoCaches (334ms)
			ResolveRequiredComponents (5ms)
	FinalizeReload (1638ms)
		SetupLoadedEditorAssemblies (0ms)
			BeforeProcessingInitializeOnLoad (166ms)
			ProcessInitializeOnLoadAttributes (767ms)
			ProcessInitializeOnLoadMethodAttributes (433ms)
			AfterProcessingInitializeOnLoad (4ms)
		AwakeInstancesAfterBackupRestoration (21ms)
Refreshing native plugins compatible for Editor in 2.73 ms, found 6 plugins.
Unloading 67 Unused Serialized files (Serialized files now loaded: 0)
Unloading 11103 unused Assets / (22.4 MB). Loaded Objects now: 12110.
Memory consumption went from 0.52 GB to 507.1 MB.
Total: 17.549200 ms (FindLiveObjects: 0.827900 ms CreateObjectMapping: 0.522500 ms MarkObjects: 12.464800 ms  DeleteObjects: 3.364300 ms)

Prepare: number of updated asset objects reloaded= 0
========================================================================
Received Prepare
AcceleratorClientConnectionCallback - disconnected - :0
'Packages/com.unity.render-pipelines.core/Editor/Deprecated.cs' contains partial class of Unity.Object, exactly 1 of the partial classes needs to be in a file with the same filename. This is to know the one that can be referenced from ie. GameObjects
'Packages/com.unity.render-pipelines.core/Editor/Deprecated.cs' contains partial class of Unity.Object, exactly 1 of the partial classes needs to be in a file with the same filename. This is to know the one that can be referenced from ie. GameObjects
Refreshing native plugins compatible for Editor in 4.07 ms, found 6 plugins.
Unloading 67 Unused Serialized files (Serialized files now loaded: 0)
Unloading 11078 unused Assets / (20.1 MB). Loaded Objects now: 12110.
Memory consumption went from 0.52 GB to 0.50 GB.
Total: 19.193400 ms (FindLiveObjects: 0.845700 ms CreateObjectMapping: 0.595200 ms MarkObjects: 14.291100 ms  DeleteObjects: 3.102700 ms)

Prepare: number of updated asset objects reloaded= 0
========================================================================
Received Prepare
AcceleratorClientConnectionCallback - disconnected - :0
Begin MonoManager ReloadAssembly
Symbol file LoadedFromMemory is not a mono symbol file
Symbol file LoadedFromMemory is not a mono symbol file
'Packages/com.unity.render-pipelines.core/Editor/Deprecated.cs' contains partial class of Unity.Object, exactly 1 of the partial classes needs to be in a file with the same filename. This is to know the one that can be referenced from ie. GameObjects
'Packages/com.unity.render-pipelines.core/Editor/Deprecated.cs' contains partial class of Unity.Object, exactly 1 of the partial classes needs to be in a file with the same filename. This is to know the one that can be referenced from ie. GameObjects
Refreshing native plugins compatible for Editor in 2.60 ms, found 6 plugins.
Native extension for WindowsStandalone target not found
Native extension for WebGL target not found
[Package Manager] Failed to launch server process. Reason: Unity was launched with the -noUpm command-line argument
[Package Manager] Unable to send message (not connected to server process).
[Package Manager] Cannot connect to Unity Package Manager local server
Refreshing native plugins compatible for Editor in 3.33 ms, found 6 plugins.
[Package Manager] Failed to launch server process. Reason: Unity was launched with the -noUpm command-line argument
[Package Manager] Unable to send message (not connected to server process).
[Package Manager] Cannot connect to Unity Package Manager local server
[Licensing::Client] Error: Code 404 while processing request (status: Found 0 entitlement groups and 0 free entitlements matching requested entitlement ids)
ScheduleIndexationOnStartup MainProcess:False IndexOnStartup:True
Scripting: successfully reloaded assembly
- Finished resetting the current domain, in  1.592 seconds
Domain Reload Profiling: 2854ms
	BeginReloadAssembly (287ms)
		DisableScriptedObjects (17ms)
		CreateAndSetChildDomain (94ms)
	RebuildCommonClasses (10ms)
	RebuildNativeTypeToScriptingClass (15ms)
	initialDomainReloadingComplete (82ms)
	LoadAllAssembliesAndSetupDomain (867ms)
		LoadAssemblies (389ms)
		TypeCache.Refresh (16ms)
		AnalyzeDomain (380ms)
			BuildScriptInfoCaches (374ms)
			ResolveRequiredComponents (5ms)
	FinalizeReload (1593ms)
		SetupLoadedEditorAssemblies (0ms)
			BeforeProcessingInitializeOnLoad (176ms)
			ProcessInitializeOnLoadAttributes (725ms)
			ProcessInitializeOnLoadMethodAttributes (434ms)
			AfterProcessingInitializeOnLoad (4ms)
		AwakeInstancesAfterBackupRestoration (21ms)
Refreshing native plugins compatible for Editor in 3.51 ms, found 6 plugins.
Unloading 67 Unused Serialized files (Serialized files now loaded: 0)
Unloading 11103 unused Assets / (23.2 MB). Loaded Objects now: 12113.
Memory consumption went from 0.52 GB to 0.50 GB.
Total: 21.485400 ms (FindLiveObjects: 0.903700 ms CreateObjectMapping: 0.745300 ms MarkObjects: 15.523800 ms  DeleteObjects: 3.935900 ms)

Prepare: number of updated asset objects reloaded= 0
========================================================================
Received Prepare
AcceleratorClientConnectionCallback - disconnected - :0
'Packages/com.unity.render-pipelines.core/Editor/Deprecated.cs' contains partial class of Unity.Object, exactly 1 of the partial classes needs to be in a file with the same filename. This is to know the one that can be referenced from ie. GameObjects
'Packages/com.unity.render-pipelines.core/Editor/Deprecated.cs' contains partial class of Unity.Object, exactly 1 of the partial classes needs to be in a file with the same filename. This is to know the one that can be referenced from ie. GameObjects
Refreshing native plugins compatible for Editor in 4.05 ms, found 6 plugins.
Unloading 67 Unused Serialized files (Serialized files now loaded: 0)
Unloading 11078 unused Assets / (22.5 MB). Loaded Objects now: 12113.
Memory consumption went from 0.53 GB to 0.50 GB.
Total: 20.008300 ms (FindLiveObjects: 0.952100 ms CreateObjectMapping: 0.721000 ms MarkObjects: 14.717700 ms  DeleteObjects: 3.270900 ms)

Prepare: number of updated asset objects reloaded= 0
========================================================================
Received Prepare
AcceleratorClientConnectionCallback - disconnected - :0
Begin MonoManager ReloadAssembly
Symbol file LoadedFromMemory is not a mono symbol file
Symbol file LoadedFromMemory is not a mono symbol file
'Packages/com.unity.render-pipelines.core/Editor/Deprecated.cs' contains partial class of Unity.Object, exactly 1 of the partial classes needs to be in a file with the same filename. This is to know the one that can be referenced from ie. GameObjects
'Packages/com.unity.render-pipelines.core/Editor/Deprecated.cs' contains partial class of Unity.Object, exactly 1 of the partial classes needs to be in a file with the same filename. This is to know the one that can be referenced from ie. GameObjects
Refreshing native plugins compatible for Editor in 2.48 ms, found 6 plugins.
Native extension for WindowsStandalone target not found
Native extension for WebGL target not found
[Package Manager] Failed to launch server process. Reason: Unity was launched with the -noUpm command-line argument
[Package Manager] Unable to send message (not connected to server process).
[Package Manager] Cannot connect to Unity Package Manager local server
Refreshing native plugins compatible for Editor in 4.41 ms, found 6 plugins.
[Package Manager] Failed to launch server process. Reason: Unity was launched with the -noUpm command-line argument
[Package Manager] Unable to send message (not connected to server process).
[Package Manager] Cannot connect to Unity Package Manager local server
[Licensing::Client] Error: Code 404 while processing request (status: Found 0 entitlement groups and 0 free entitlements matching requested entitlement ids)
ScheduleIndexationOnStartup MainProcess:False IndexOnStartup:True
Scripting: successfully reloaded assembly
- Finished resetting the current domain, in  1.603 seconds
Domain Reload Profiling: 2914ms
	BeginReloadAssembly (348ms)
		DisableScriptedObjects (16ms)
		CreateAndSetChildDomain (124ms)
	RebuildCommonClasses (11ms)
	RebuildNativeTypeToScriptingClass (16ms)
	initialDomainReloadingComplete (88ms)
	LoadAllAssembliesAndSetupDomain (847ms)
		LoadAssemblies (417ms)
		TypeCache.Refresh (14ms)
		AnalyzeDomain (367ms)
			BuildScriptInfoCaches (360ms)
			ResolveRequiredComponents (5ms)
	FinalizeReload (1604ms)
		SetupLoadedEditorAssemblies (0ms)
			BeforeProcessingInitializeOnLoad (166ms)
			ProcessInitializeOnLoadAttributes (720ms)
			ProcessInitializeOnLoadMethodAttributes (438ms)
			AfterProcessingInitializeOnLoad (4ms)
		AwakeInstancesAfterBackupRestoration (24ms)
Refreshing native plugins compatible for Editor in 4.19 ms, found 6 plugins.
Unloading 67 Unused Serialized files (Serialized files now loaded: 0)
Unloading 11103 unused Assets / (23.3 MB). Loaded Objects now: 12116.
Memory consumption went from 0.53 GB to 0.51 GB.
Total: 20.091900 ms (FindLiveObjects: 0.970000 ms CreateObjectMapping: 0.679000 ms MarkObjects: 13.231900 ms  DeleteObjects: 4.844400 ms)

Prepare: number of updated asset objects reloaded= 0
========================================================================
Received Prepare
AcceleratorClientConnectionCallback - disconnected - :0
'Packages/com.unity.render-pipelines.core/Editor/Deprecated.cs' contains partial class of Unity.Object, exactly 1 of the partial classes needs to be in a file with the same filename. This is to know the one that can be referenced from ie. GameObjects
'Packages/com.unity.render-pipelines.core/Editor/Deprecated.cs' contains partial class of Unity.Object, exactly 1 of the partial classes needs to be in a file with the same filename. This is to know the one that can be referenced from ie. GameObjects
Refreshing native plugins compatible for Editor in 4.27 ms, found 6 plugins.
Unloading 67 Unused Serialized files (Serialized files now loaded: 0)
Unloading 11078 unused Assets / (22.6 MB). Loaded Objects now: 12116.
Memory consumption went from 0.53 GB to 0.51 GB.
Total: 19.935700 ms (FindLiveObjects: 1.015200 ms CreateObjectMapping: 0.635900 ms MarkObjects: 14.745900 ms  DeleteObjects: 3.190700 ms)

Prepare: number of updated asset objects reloaded= 0
========================================================================
Received Prepare
AcceleratorClientConnectionCallback - disconnected - :0
[Licensing::Client] Successfully resolved entitlement details
Begin MonoManager ReloadAssembly
Symbol file LoadedFromMemory is not a mono symbol file
Symbol file LoadedFromMemory is not a mono symbol file
'Packages/com.unity.render-pipelines.core/Editor/Deprecated.cs' contains partial class of Unity.Object, exactly 1 of the partial classes needs to be in a file with the same filename. This is to know the one that can be referenced from ie. GameObjects
'Packages/com.unity.render-pipelines.core/Editor/Deprecated.cs' contains partial class of Unity.Object, exactly 1 of the partial classes needs to be in a file with the same filename. This is to know the one that can be referenced from ie. GameObjects
Refreshing native plugins compatible for Editor in 2.92 ms, found 6 plugins.
Native extension for WindowsStandalone target not found
Native extension for WebGL target not found
[Package Manager] Failed to launch server process. Reason: Unity was launched with the -noUpm command-line argument
[Package Manager] Unable to send message (not connected to server process).
[Package Manager] Cannot connect to Unity Package Manager local server
Refreshing native plugins compatible for Editor in 5.21 ms, found 6 plugins.
[Package Manager] Failed to launch server process. Reason: Unity was launched with the -noUpm command-line argument
[Package Manager] Unable to send message (not connected to server process).
[Package Manager] Cannot connect to Unity Package Manager local server
[Licensing::Client] Error: Code 404 while processing request (status: Found 0 entitlement groups and 0 free entitlements matching requested entitlement ids)
ScheduleIndexationOnStartup MainProcess:False IndexOnStartup:True
Scripting: successfully reloaded assembly
- Finished resetting the current domain, in  1.749 seconds
Domain Reload Profiling: 2961ms
	BeginReloadAssembly (288ms)
		DisableScriptedObjects (21ms)
		CreateAndSetChildDomain (97ms)
	RebuildCommonClasses (11ms)
	RebuildNativeTypeToScriptingClass (15ms)
	initialDomainReloadingComplete (91ms)
	LoadAllAssembliesAndSetupDomain (806ms)
		LoadAssemblies (378ms)
		TypeCache.Refresh (13ms)
		AnalyzeDomain (340ms)
			BuildScriptInfoCaches (334ms)
			ResolveRequiredComponents (5ms)
	FinalizeReload (1750ms)
		SetupLoadedEditorAssemblies (0ms)
			BeforeProcessingInitializeOnLoad (185ms)
			ProcessInitializeOnLoadAttributes (797ms)
			ProcessInitializeOnLoadMethodAttributes (479ms)
			AfterProcessingInitializeOnLoad (5ms)
		AwakeInstancesAfterBackupRestoration (22ms)
Refreshing native plugins compatible for Editor in 3.96 ms, found 6 plugins.
Unloading 67 Unused Serialized files (Serialized files now loaded: 0)
Unloading 11103 unused Assets / (22.8 MB). Loaded Objects now: 12119.
Memory consumption went from 0.54 GB to 0.52 GB.
Total: 17.471500 ms (FindLiveObjects: 0.813900 ms CreateObjectMapping: 0.540900 ms MarkObjects: 12.850100 ms  DeleteObjects: 2.914000 ms)

Prepare: number of updated asset objects reloaded= 0
========================================================================
Received Prepare
AcceleratorClientConnectionCallback - disconnected - :0
'Packages/com.unity.render-pipelines.core/Editor/Deprecated.cs' contains partial class of Unity.Object, exactly 1 of the partial classes needs to be in a file with the same filename. This is to know the one that can be referenced from ie. GameObjects
'Packages/com.unity.render-pipelines.core/Editor/Deprecated.cs' contains partial class of Unity.Object, exactly 1 of the partial classes needs to be in a file with the same filename. This is to know the one that can be referenced from ie. GameObjects
Refreshing native plugins compatible for Editor in 4.89 ms, found 6 plugins.
Unloading 67 Unused Serialized files (Serialized files now loaded: 0)
Unloading 11078 unused Assets / (21.8 MB). Loaded Objects now: 12119.
Memory consumption went from 0.54 GB to 0.52 GB.
Total: 20.383500 ms (FindLiveObjects: 0.952800 ms CreateObjectMapping: 0.690100 ms MarkObjects: 14.799600 ms  DeleteObjects: 3.570400 ms)

Prepare: number of updated asset objects reloaded= 0
========================================================================
Received Prepare
AcceleratorClientConnectionCallback - disconnected - :0
[Licensing::Client] Successfully resolved entitlement details
Begin MonoManager ReloadAssembly
Symbol file LoadedFromMemory is not a mono symbol file
Symbol file LoadedFromMemory is not a mono symbol file
'Packages/com.unity.render-pipelines.core/Editor/Deprecated.cs' contains partial class of Unity.Object, exactly 1 of the partial classes needs to be in a file with the same filename. This is to know the one that can be referenced from ie. GameObjects
'Packages/com.unity.render-pipelines.core/Editor/Deprecated.cs' contains partial class of Unity.Object, exactly 1 of the partial classes needs to be in a file with the same filename. This is to know the one that can be referenced from ie. GameObjects
Refreshing native plugins compatible for Editor in 2.75 ms, found 6 plugins.
Native extension for WindowsStandalone target not found
Native extension for WebGL target not found
[Package Manager] Failed to launch server process. Reason: Unity was launched with the -noUpm command-line argument
[Package Manager] Unable to send message (not connected to server process).
[Package Manager] Cannot connect to Unity Package Manager local server
Refreshing native plugins compatible for Editor in 3.22 ms, found 6 plugins.
[Package Manager] Failed to launch server process. Reason: Unity was launched with the -noUpm command-line argument
[Package Manager] Unable to send message (not connected to server process).
[Package Manager] Cannot connect to Unity Package Manager local server
[Licensing::Client] Error: Code 404 while processing request (status: Found 0 entitlement groups and 0 free entitlements matching requested entitlement ids)
ScheduleIndexationOnStartup MainProcess:False IndexOnStartup:True
Scripting: successfully reloaded assembly
- Finished resetting the current domain, in  1.595 seconds
Domain Reload Profiling: 2861ms
	BeginReloadAssembly (290ms)
		DisableScriptedObjects (18ms)
		CreateAndSetChildDomain (87ms)
	RebuildCommonClasses (10ms)
	RebuildNativeTypeToScriptingClass (16ms)
	initialDomainReloadingComplete (91ms)
	LoadAllAssembliesAndSetupDomain (857ms)
		LoadAssemblies (413ms)
		TypeCache.Refresh (13ms)
		AnalyzeDomain (357ms)
			BuildScriptInfoCaches (351ms)
			ResolveRequiredComponents (5ms)
	FinalizeReload (1597ms)
		SetupLoadedEditorAssemblies (0ms)
			BeforeProcessingInitializeOnLoad (157ms)
			ProcessInitializeOnLoadAttributes (710ms)
			ProcessInitializeOnLoadMethodAttributes (444ms)
			AfterProcessingInitializeOnLoad (4ms)
		AwakeInstancesAfterBackupRestoration (36ms)
Refreshing native plugins compatible for Editor in 4.58 ms, found 6 plugins.
Unloading 67 Unused Serialized files (Serialized files now loaded: 0)
Unloading 11103 unused Assets / (22.3 MB). Loaded Objects now: 12122.
Memory consumption went from 0.55 GB to 0.53 GB.
Total: 18.479600 ms (FindLiveObjects: 1.028000 ms CreateObjectMapping: 0.555700 ms MarkObjects: 13.016500 ms  DeleteObjects: 3.399300 ms)

Prepare: number of updated asset objects reloaded= 0
========================================================================
Received Prepare
AcceleratorClientConnectionCallback - disconnected - :0
'Packages/com.unity.render-pipelines.core/Editor/Deprecated.cs' contains partial class of Unity.Object, exactly 1 of the partial classes needs to be in a file with the same filename. This is to know the one that can be referenced from ie. GameObjects
'Packages/com.unity.render-pipelines.core/Editor/Deprecated.cs' contains partial class of Unity.Object, exactly 1 of the partial classes needs to be in a file with the same filename. This is to know the one that can be referenced from ie. GameObjects
Refreshing native plugins compatible for Editor in 3.39 ms, found 6 plugins.
Unloading 67 Unused Serialized files (Serialized files now loaded: 0)
Unloading 11078 unused Assets / (22.6 MB). Loaded Objects now: 12122.
Memory consumption went from 0.55 GB to 0.53 GB.
Total: 19.532000 ms (FindLiveObjects: 0.967300 ms CreateObjectMapping: 0.689000 ms MarkObjects: 14.410200 ms  DeleteObjects: 3.097000 ms)

Prepare: number of updated asset objects reloaded= 0
========================================================================
Received Prepare
AcceleratorClientConnectionCallback - disconnected - :0
'Packages/com.unity.render-pipelines.core/Editor/Deprecated.cs' contains partial class of Unity.Object, exactly 1 of the partial classes needs to be in a file with the same filename. This is to know the one that can be referenced from ie. GameObjects
'Packages/com.unity.render-pipelines.core/Editor/Deprecated.cs' contains partial class of Unity.Object, exactly 1 of the partial classes needs to be in a file with the same filename. This is to know the one that can be referenced from ie. GameObjects
Refreshing native plugins compatible for Editor in 3.03 ms, found 6 plugins.
Unloading 67 Unused Serialized files (Serialized files now loaded: 0)
Unloading 11078 unused Assets / (20.9 MB). Loaded Objects now: 12122.
Memory consumption went from 0.55 GB to 0.53 GB.
Total: 21.155600 ms (FindLiveObjects: 1.021300 ms CreateObjectMapping: 0.659200 ms MarkObjects: 15.055200 ms  DeleteObjects: 4.063200 ms)

Prepare: number of updated asset objects reloaded= 0
========================================================================
Received Prepare
AcceleratorClientConnectionCallback - disconnected - :0
'Packages/com.unity.render-pipelines.core/Editor/Deprecated.cs' contains partial class of Unity.Object, exactly 1 of the partial classes needs to be in a file with the same filename. This is to know the one that can be referenced from ie. GameObjects
'Packages/com.unity.render-pipelines.core/Editor/Deprecated.cs' contains partial class of Unity.Object, exactly 1 of the partial classes needs to be in a file with the same filename. This is to know the one that can be referenced from ie. GameObjects
Refreshing native plugins compatible for Editor in 4.63 ms, found 6 plugins.
Unloading 67 Unused Serialized files (Serialized files now loaded: 0)
Unloading 11078 unused Assets / (25.7 MB). Loaded Objects now: 12122.
Memory consumption went from 0.55 GB to 0.53 GB.
Total: 19.689600 ms (FindLiveObjects: 0.976300 ms CreateObjectMapping: 0.807400 ms MarkObjects: 13.257300 ms  DeleteObjects: 4.290300 ms)

Prepare: number of updated asset objects reloaded= 0
========================================================================
Received Prepare
AcceleratorClientConnectionCallback - disconnected - :0
[Licensing::Client] Successfully resolved entitlement details
Begin MonoManager ReloadAssembly
Symbol file LoadedFromMemory is not a mono symbol file
Symbol file LoadedFromMemory is not a mono symbol file
'Packages/com.unity.render-pipelines.core/Editor/Deprecated.cs' contains partial class of Unity.Object, exactly 1 of the partial classes needs to be in a file with the same filename. This is to know the one that can be referenced from ie. GameObjects
'Packages/com.unity.render-pipelines.core/Editor/Deprecated.cs' contains partial class of Unity.Object, exactly 1 of the partial classes needs to be in a file with the same filename. This is to know the one that can be referenced from ie. GameObjects
Refreshing native plugins compatible for Editor in 5.37 ms, found 6 plugins.
Native extension for WindowsStandalone target not found
Native extension for WebGL target not found
[Package Manager] Failed to launch server process. Reason: Unity was launched with the -noUpm command-line argument
[Package Manager] Unable to send message (not connected to server process).
[Package Manager] Cannot connect to Unity Package Manager local server
Refreshing native plugins compatible for Editor in 3.03 ms, found 6 plugins.
[Package Manager] Failed to launch server process. Reason: Unity was launched with the -noUpm command-line argument
[Package Manager] Unable to send message (not connected to server process).
[Package Manager] Cannot connect to Unity Package Manager local server
[Licensing::Client] Error: Code 404 while processing request (status: Found 0 entitlement groups and 0 free entitlements matching requested entitlement ids)
ScheduleIndexationOnStartup MainProcess:False IndexOnStartup:True
Scripting: successfully reloaded assembly
- Finished resetting the current domain, in  1.650 seconds
Domain Reload Profiling: 2655ms
	BeginReloadAssembly (363ms)
		DisableScriptedObjects (19ms)
		CreateAndSetChildDomain (137ms)
	RebuildCommonClasses (13ms)
	RebuildNativeTypeToScriptingClass (21ms)
	initialDomainReloadingComplete (85ms)
	LoadAllAssembliesAndSetupDomain (522ms)
		LoadAssemblies (437ms)
		TypeCache.Refresh (12ms)
		AnalyzeDomain (10ms)
			ResolveRequiredComponents (6ms)
	FinalizeReload (1651ms)
		SetupLoadedEditorAssemblies (0ms)
			BeforeProcessingInitializeOnLoad (179ms)
			ProcessInitializeOnLoadAttributes (768ms)
			ProcessInitializeOnLoadMethodAttributes (430ms)
			AfterProcessingInitializeOnLoad (5ms)
		AwakeInstancesAfterBackupRestoration (25ms)
Refreshing native plugins compatible for Editor in 2.98 ms, found 6 plugins.
Unloading 67 Unused Serialized files (Serialized files now loaded: 0)
Unloading 11103 unused Assets / (22.3 MB). Loaded Objects now: 12125.
Memory consumption went from 0.56 GB to 0.54 GB.
Total: 18.623300 ms (FindLiveObjects: 1.191200 ms CreateObjectMapping: 0.600400 ms MarkObjects: 13.672700 ms  DeleteObjects: 2.804300 ms)

Prepare: number of updated asset objects reloaded= 0
========================================================================
Received Prepare
AcceleratorClientConnectionCallback - disconnected - :0
'Packages/com.unity.render-pipelines.core/Editor/Deprecated.cs' contains partial class of Unity.Object, exactly 1 of the partial classes needs to be in a file with the same filename. This is to know the one that can be referenced from ie. GameObjects
'Packages/com.unity.render-pipelines.core/Editor/Deprecated.cs' contains partial class of Unity.Object, exactly 1 of the partial classes needs to be in a file with the same filename. This is to know the one that can be referenced from ie. GameObjects
Refreshing native plugins compatible for Editor in 3.62 ms, found 6 plugins.
Unloading 67 Unused Serialized files (Serialized files now loaded: 0)
Unloading 11078 unused Assets / (24.2 MB). Loaded Objects now: 12125.
Memory consumption went from 0.56 GB to 0.54 GB.
Total: 24.032700 ms (FindLiveObjects: 1.452900 ms CreateObjectMapping: 1.133000 ms MarkObjects: 16.885200 ms  DeleteObjects: 4.188800 ms)

Prepare: number of updated asset objects reloaded= 0
========================================================================
Received Prepare
AcceleratorClientConnectionCallback - disconnected - :0
Begin MonoManager ReloadAssembly
Symbol file LoadedFromMemory is not a mono symbol file
Symbol file LoadedFromMemory is not a mono symbol file
'Packages/com.unity.render-pipelines.core/Editor/Deprecated.cs' contains partial class of Unity.Object, exactly 1 of the partial classes needs to be in a file with the same filename. This is to know the one that can be referenced from ie. GameObjects
'Packages/com.unity.render-pipelines.core/Editor/Deprecated.cs' contains partial class of Unity.Object, exactly 1 of the partial classes needs to be in a file with the same filename. This is to know the one that can be referenced from ie. GameObjects
Refreshing native plugins compatible for Editor in 3.03 ms, found 6 plugins.
Native extension for WindowsStandalone target not found
Native extension for WebGL target not found
[Package Manager] Failed to launch server process. Reason: Unity was launched with the -noUpm command-line argument
[Package Manager] Unable to send message (not connected to server process).
[Package Manager] Cannot connect to Unity Package Manager local server
Refreshing native plugins compatible for Editor in 3.10 ms, found 6 plugins.
[Package Manager] Failed to launch server process. Reason: Unity was launched with the -noUpm command-line argument
[Package Manager] Unable to send message (not connected to server process).
[Package Manager] Cannot connect to Unity Package Manager local server
[Licensing::Client] Error: Code 404 while processing request (status: Found 0 entitlement groups and 0 free entitlements matching requested entitlement ids)
ScheduleIndexationOnStartup MainProcess:False IndexOnStartup:True
Scripting: successfully reloaded assembly
- Finished resetting the current domain, in  1.958 seconds
Domain Reload Profiling: 3308ms
	BeginReloadAssembly (292ms)
		DisableScriptedObjects (18ms)
		CreateAndSetChildDomain (92ms)
	RebuildCommonClasses (8ms)
	RebuildNativeTypeToScriptingClass (17ms)
	initialDomainReloadingComplete (95ms)
	LoadAllAssembliesAndSetupDomain (873ms)
		LoadAssemblies (397ms)
		TypeCache.Refresh (14ms)
		AnalyzeDomain (376ms)
			BuildScriptInfoCaches (368ms)
			ResolveRequiredComponents (6ms)
	FinalizeReload (2023ms)
		SetupLoadedEditorAssemblies (0ms)
			InitializePlatformSupportModulesInManaged (3ms)
			BeforeProcessingInitializeOnLoad (179ms)
			ProcessInitializeOnLoadAttributes (769ms)
			ProcessInitializeOnLoadMethodAttributes (589ms)
			AfterProcessingInitializeOnLoad (9ms)
			EditorAssembliesLoaded (5ms)
		AwakeInstancesAfterBackupRestoration (55ms)
Refreshing native plugins compatible for Editor in 4.97 ms, found 6 plugins.
Unloading 67 Unused Serialized files (Serialized files now loaded: 0)
Unloading 11103 unused Assets / (22.8 MB). Loaded Objects now: 12128.
Memory consumption went from 0.57 GB to 0.54 GB.
Total: 24.990000 ms (FindLiveObjects: 1.257500 ms CreateObjectMapping: 0.873000 ms MarkObjects: 17.922600 ms  DeleteObjects: 4.560500 ms)

Prepare: number of updated asset objects reloaded= 0
========================================================================
Received Prepare
AcceleratorClientConnectionCallback - disconnected - :0
'Packages/com.unity.render-pipelines.core/Editor/Deprecated.cs' contains partial class of Unity.Object, exactly 1 of the partial classes needs to be in a file with the same filename. This is to know the one that can be referenced from ie. GameObjects
'Packages/com.unity.render-pipelines.core/Editor/Deprecated.cs' contains partial class of Unity.Object, exactly 1 of the partial classes needs to be in a file with the same filename. This is to know the one that can be referenced from ie. GameObjects
Refreshing native plugins compatible for Editor in 3.87 ms, found 6 plugins.
Unloading 67 Unused Serialized files (Serialized files now loaded: 0)
Unloading 11078 unused Assets / (22.0 MB). Loaded Objects now: 12128.
Memory consumption went from 0.57 GB to 0.55 GB.
Total: 20.631900 ms (FindLiveObjects: 1.016300 ms CreateObjectMapping: 0.666300 ms MarkObjects: 15.143700 ms  DeleteObjects: 3.441400 ms)

Prepare: number of updated asset objects reloaded= 0
========================================================================
Received Prepare
AcceleratorClientConnectionCallback - disconnected - :0
Begin MonoManager ReloadAssembly
Symbol file LoadedFromMemory is not a mono symbol file
Symbol file LoadedFromMemory is not a mono symbol file
'Packages/com.unity.render-pipelines.core/Editor/Deprecated.cs' contains partial class of Unity.Object, exactly 1 of the partial classes needs to be in a file with the same filename. This is to know the one that can be referenced from ie. GameObjects
'Packages/com.unity.render-pipelines.core/Editor/Deprecated.cs' contains partial class of Unity.Object, exactly 1 of the partial classes needs to be in a file with the same filename. This is to know the one that can be referenced from ie. GameObjects
Refreshing native plugins compatible for Editor in 3.98 ms, found 6 plugins.
Native extension for WindowsStandalone target not found
Native extension for WebGL target not found
[Package Manager] Failed to launch server process. Reason: Unity was launched with the -noUpm command-line argument
[Package Manager] Unable to send message (not connected to server process).
[Package Manager] Cannot connect to Unity Package Manager local server
Refreshing native plugins compatible for Editor in 7.06 ms, found 6 plugins.
[Package Manager] Failed to launch server process. Reason: Unity was launched with the -noUpm command-line argument
[Package Manager] Unable to send message (not connected to server process).
[Package Manager] Cannot connect to Unity Package Manager local server
[Licensing::Client] Error: Code 404 while processing request (status: Found 0 entitlement groups and 0 free entitlements matching requested entitlement ids)
ScheduleIndexationOnStartup MainProcess:False IndexOnStartup:True
Scripting: successfully reloaded assembly
- Finished resetting the current domain, in  1.597 seconds
Domain Reload Profiling: 2926ms
	BeginReloadAssembly (321ms)
		DisableScriptedObjects (18ms)
		CreateAndSetChildDomain (119ms)
	RebuildCommonClasses (9ms)
	RebuildNativeTypeToScriptingClass (22ms)
	initialDomainReloadingComplete (96ms)
	LoadAllAssembliesAndSetupDomain (880ms)
		LoadAssemblies (429ms)
		TypeCache.Refresh (14ms)
		AnalyzeDomain (356ms)
			BuildScriptInfoCaches (349ms)
			ResolveRequiredComponents (5ms)
	FinalizeReload (1598ms)
		SetupLoadedEditorAssemblies (0ms)
			BeforeProcessingInitializeOnLoad (165ms)
			ProcessInitializeOnLoadAttributes (727ms)
			ProcessInitializeOnLoadMethodAttributes (415ms)
			AfterProcessingInitializeOnLoad (4ms)
		AwakeInstancesAfterBackupRestoration (26ms)
Refreshing native plugins compatible for Editor in 3.52 ms, found 6 plugins.
Unloading 67 Unused Serialized files (Serialized files now loaded: 0)
Unloading 11103 unused Assets / (20.5 MB). Loaded Objects now: 12131.
Memory consumption went from 0.57 GB to 0.55 GB.
Total: 20.026500 ms (FindLiveObjects: 0.934000 ms CreateObjectMapping: 0.587000 ms MarkObjects: 15.289900 ms  DeleteObjects: 2.853700 ms)

Prepare: number of updated asset objects reloaded= 0
========================================================================
Received Prepare
AcceleratorClientConnectionCallback - disconnected - :0
'Packages/com.unity.render-pipelines.core/Editor/Deprecated.cs' contains partial class of Unity.Object, exactly 1 of the partial classes needs to be in a file with the same filename. This is to know the one that can be referenced from ie. GameObjects
'Packages/com.unity.render-pipelines.core/Editor/Deprecated.cs' contains partial class of Unity.Object, exactly 1 of the partial classes needs to be in a file with the same filename. This is to know the one that can be referenced from ie. GameObjects
Refreshing native plugins compatible for Editor in 4.41 ms, found 6 plugins.
Unloading 67 Unused Serialized files (Serialized files now loaded: 0)
Unloading 11078 unused Assets / (20.3 MB). Loaded Objects now: 12131.
Memory consumption went from 0.58 GB to 0.56 GB.
Total: 20.208300 ms (FindLiveObjects: 0.936900 ms CreateObjectMapping: 0.636700 ms MarkObjects: 14.913100 ms  DeleteObjects: 3.370900 ms)

Prepare: number of updated asset objects reloaded= 0
========================================================================
Received Prepare
AcceleratorClientConnectionCallback - disconnected - :0
[Licensing::Client] Successfully resolved entitlement details
Begin MonoManager ReloadAssembly
Symbol file LoadedFromMemory is not a mono symbol file
Symbol file LoadedFromMemory is not a mono symbol file
'Packages/com.unity.render-pipelines.core/Editor/Deprecated.cs' contains partial class of Unity.Object, exactly 1 of the partial classes needs to be in a file with the same filename. This is to know the one that can be referenced from ie. GameObjects
'Packages/com.unity.render-pipelines.core/Editor/Deprecated.cs' contains partial class of Unity.Object, exactly 1 of the partial classes needs to be in a file with the same filename. This is to know the one that can be referenced from ie. GameObjects
Refreshing native plugins compatible for Editor in 4.10 ms, found 6 plugins.
Native extension for WindowsStandalone target not found
Native extension for WebGL target not found
[Package Manager] Failed to launch server process. Reason: Unity was launched with the -noUpm command-line argument
[Package Manager] Unable to send message (not connected to server process).
[Package Manager] Cannot connect to Unity Package Manager local server
Refreshing native plugins compatible for Editor in 6.48 ms, found 6 plugins.
[Package Manager] Failed to launch server process. Reason: Unity was launched with the -noUpm command-line argument
[Package Manager] Unable to send message (not connected to server process).
[Package Manager] Cannot connect to Unity Package Manager local server
[Licensing::Client] Error: Code 404 while processing request (status: Found 0 entitlement groups and 0 free entitlements matching requested entitlement ids)
ScheduleIndexationOnStartup MainProcess:False IndexOnStartup:True
Scripting: successfully reloaded assembly
- Finished resetting the current domain, in  1.757 seconds
Domain Reload Profiling: 3062ms
	BeginReloadAssembly (280ms)
		DisableScriptedObjects (18ms)
		CreateAndSetChildDomain (88ms)
	RebuildCommonClasses (8ms)
	RebuildNativeTypeToScriptingClass (16ms)
	initialDomainReloadingComplete (96ms)
	LoadAllAssembliesAndSetupDomain (902ms)
		LoadAssemblies (391ms)
		TypeCache.Refresh (14ms)
		AnalyzeDomain (392ms)
			BuildScriptInfoCaches (382ms)
			ResolveRequiredComponents (7ms)
	FinalizeReload (1759ms)
		SetupLoadedEditorAssemblies (0ms)
			LogAssemblyErrors (3ms)
			BeforeProcessingInitializeOnLoad (182ms)
			ProcessInitializeOnLoadAttributes (809ms)
			ProcessInitializeOnLoadMethodAttributes (465ms)
			AfterProcessingInitializeOnLoad (4ms)
		AwakeInstancesAfterBackupRestoration (25ms)
Refreshing native plugins compatible for Editor in 4.42 ms, found 6 plugins.
Unloading 67 Unused Serialized files (Serialized files now loaded: 0)
Unloading 11103 unused Assets / (22.6 MB). Loaded Objects now: 12134.
Memory consumption went from 0.58 GB to 0.56 GB.
Total: 20.979100 ms (FindLiveObjects: 0.985400 ms CreateObjectMapping: 0.608300 ms MarkObjects: 15.737400 ms  DeleteObjects: 3.305900 ms)

Prepare: number of updated asset objects reloaded= 0
========================================================================
Received Prepare
AcceleratorClientConnectionCallback - disconnected - :0
'Packages/com.unity.render-pipelines.core/Editor/Deprecated.cs' contains partial class of Unity.Object, exactly 1 of the partial classes needs to be in a file with the same filename. This is to know the one that can be referenced from ie. GameObjects
'Packages/com.unity.render-pipelines.core/Editor/Deprecated.cs' contains partial class of Unity.Object, exactly 1 of the partial classes needs to be in a file with the same filename. This is to know the one that can be referenced from ie. GameObjects
Refreshing native plugins compatible for Editor in 5.07 ms, found 6 plugins.
Unloading 67 Unused Serialized files (Serialized files now loaded: 0)
Unloading 11078 unused Assets / (21.4 MB). Loaded Objects now: 12134.
Memory consumption went from 0.58 GB to 0.56 GB.
Total: 21.250400 ms (FindLiveObjects: 1.134200 ms CreateObjectMapping: 0.894200 ms MarkObjects: 14.907400 ms  DeleteObjects: 3.962700 ms)

Prepare: number of updated asset objects reloaded= 0
========================================================================
Received Prepare
AcceleratorClientConnectionCallback - disconnected - :0
[Licensing::Client] Successfully resolved entitlement details
Begin MonoManager ReloadAssembly
Symbol file LoadedFromMemory is not a mono symbol file
Symbol file LoadedFromMemory is not a mono symbol file
'Packages/com.unity.render-pipelines.core/Editor/Deprecated.cs' contains partial class of Unity.Object, exactly 1 of the partial classes needs to be in a file with the same filename. This is to know the one that can be referenced from ie. GameObjects
'Packages/com.unity.render-pipelines.core/Editor/Deprecated.cs' contains partial class of Unity.Object, exactly 1 of the partial classes needs to be in a file with the same filename. This is to know the one that can be referenced from ie. GameObjects
Refreshing native plugins compatible for Editor in 2.94 ms, found 6 plugins.
Native extension for WindowsStandalone target not found
Native extension for WebGL target not found
[Package Manager] Failed to launch server process. Reason: Unity was launched with the -noUpm command-line argument
[Package Manager] Unable to send message (not connected to server process).
[Package Manager] Cannot connect to Unity Package Manager local server
Refreshing native plugins compatible for Editor in 3.60 ms, found 6 plugins.
[Package Manager] Failed to launch server process. Reason: Unity was launched with the -noUpm command-line argument
[Package Manager] Unable to send message (not connected to server process).
[Package Manager] Cannot connect to Unity Package Manager local server
[Licensing::Client] Error: Code 404 while processing request (status: Found 0 entitlement groups and 0 free entitlements matching requested entitlement ids)
ScheduleIndexationOnStartup MainProcess:False IndexOnStartup:True
Scripting: successfully reloaded assembly
- Finished resetting the current domain, in  1.639 seconds
Domain Reload Profiling: 2866ms
	BeginReloadAssembly (287ms)
		DisableScriptedObjects (17ms)
		CreateAndSetChildDomain (88ms)
	RebuildCommonClasses (10ms)
	RebuildNativeTypeToScriptingClass (19ms)
	initialDomainReloadingComplete (82ms)
	LoadAllAssembliesAndSetupDomain (829ms)
		LoadAssemblies (396ms)
		TypeCache.Refresh (15ms)
		AnalyzeDomain (348ms)
			BuildScriptInfoCaches (341ms)
			ResolveRequiredComponents (6ms)
	FinalizeReload (1640ms)
		SetupLoadedEditorAssemblies (0ms)
			BeforeProcessingInitializeOnLoad (166ms)
			ProcessInitializeOnLoadAttributes (721ms)
			ProcessInitializeOnLoadMethodAttributes (478ms)
			AfterProcessingInitializeOnLoad (4ms)
		AwakeInstancesAfterBackupRestoration (21ms)
Refreshing native plugins compatible for Editor in 4.00 ms, found 6 plugins.
Unloading 67 Unused Serialized files (Serialized files now loaded: 0)
Unloading 11103 unused Assets / (22.8 MB). Loaded Objects now: 12137.
Memory consumption went from 0.59 GB to 0.57 GB.
Total: 18.258200 ms (FindLiveObjects: 0.882300 ms CreateObjectMapping: 0.543700 ms MarkObjects: 13.293400 ms  DeleteObjects: 3.193500 ms)

Prepare: number of updated asset objects reloaded= 0
========================================================================
Received Prepare
AcceleratorClientConnectionCallback - disconnected - :0
'Packages/com.unity.render-pipelines.core/Editor/Deprecated.cs' contains partial class of Unity.Object, exactly 1 of the partial classes needs to be in a file with the same filename. This is to know the one that can be referenced from ie. GameObjects
'Packages/com.unity.render-pipelines.core/Editor/Deprecated.cs' contains partial class of Unity.Object, exactly 1 of the partial classes needs to be in a file with the same filename. This is to know the one that can be referenced from ie. GameObjects
Refreshing native plugins compatible for Editor in 3.57 ms, found 6 plugins.
Unloading 67 Unused Serialized files (Serialized files now loaded: 0)
Unloading 11078 unused Assets / (22.4 MB). Loaded Objects now: 12137.
Memory consumption went from 0.59 GB to 0.57 GB.
Total: 22.752300 ms (FindLiveObjects: 1.104600 ms CreateObjectMapping: 0.828400 ms MarkObjects: 16.445400 ms  DeleteObjects: 4.012300 ms)

Prepare: number of updated asset objects reloaded= 0
========================================================================
Received Prepare
AcceleratorClientConnectionCallback - disconnected - :0
Begin MonoManager ReloadAssembly
Symbol file LoadedFromMemory is not a mono symbol file
Symbol file LoadedFromMemory is not a mono symbol file
'Packages/com.unity.render-pipelines.core/Editor/Deprecated.cs' contains partial class of Unity.Object, exactly 1 of the partial classes needs to be in a file with the same filename. This is to know the one that can be referenced from ie. GameObjects
'Packages/com.unity.render-pipelines.core/Editor/Deprecated.cs' contains partial class of Unity.Object, exactly 1 of the partial classes needs to be in a file with the same filename. This is to know the one that can be referenced from ie. GameObjects
Refreshing native plugins compatible for Editor in 3.11 ms, found 6 plugins.
Native extension for WindowsStandalone target not found
Native extension for WebGL target not found
[Package Manager] Failed to launch server process. Reason: Unity was launched with the -noUpm command-line argument
[Package Manager] Unable to send message (not connected to server process).
[Package Manager] Cannot connect to Unity Package Manager local server
Refreshing native plugins compatible for Editor in 3.38 ms, found 6 plugins.
[Package Manager] Failed to launch server process. Reason: Unity was launched with the -noUpm command-line argument
[Package Manager] Unable to send message (not connected to server process).
[Package Manager] Cannot connect to Unity Package Manager local server
[Licensing::Client] Error: Code 404 while processing request (status: Found 0 entitlement groups and 0 free entitlements matching requested entitlement ids)
ScheduleIndexationOnStartup MainProcess:False IndexOnStartup:True
Scripting: successfully reloaded assembly
- Finished resetting the current domain, in  1.614 seconds
Domain Reload Profiling: 2858ms
	BeginReloadAssembly (288ms)
		DisableScriptedObjects (15ms)
		CreateAndSetChildDomain (94ms)
	RebuildCommonClasses (9ms)
	RebuildNativeTypeToScriptingClass (15ms)
	initialDomainReloadingComplete (96ms)
	LoadAllAssembliesAndSetupDomain (836ms)
		LoadAssemblies (392ms)
		TypeCache.Refresh (14ms)
		AnalyzeDomain (350ms)
			BuildScriptInfoCaches (343ms)
			ResolveRequiredComponents (5ms)
	FinalizeReload (1615ms)
		SetupLoadedEditorAssemblies (0ms)
			LogAssemblyErrors (5ms)
			BeforeProcessingInitializeOnLoad (171ms)
			ProcessInitializeOnLoadAttributes (720ms)
			ProcessInitializeOnLoadMethodAttributes (451ms)
			AfterProcessingInitializeOnLoad (4ms)
		AwakeInstancesAfterBackupRestoration (22ms)
Refreshing native plugins compatible for Editor in 5.00 ms, found 6 plugins.
Unloading 67 Unused Serialized files (Serialized files now loaded: 0)
Unloading 11103 unused Assets / (21.4 MB). Loaded Objects now: 12140.
Memory consumption went from 0.59 GB to 0.57 GB.
Total: 30.318400 ms (FindLiveObjects: 1.220900 ms CreateObjectMapping: 1.012100 ms MarkObjects: 23.914600 ms  DeleteObjects: 3.799500 ms)

Prepare: number of updated asset objects reloaded= 0
========================================================================
Received Prepare
AcceleratorClientConnectionCallback - disconnected - :0
'Packages/com.unity.render-pipelines.core/Editor/Deprecated.cs' contains partial class of Unity.Object, exactly 1 of the partial classes needs to be in a file with the same filename. This is to know the one that can be referenced from ie. GameObjects
'Packages/com.unity.render-pipelines.core/Editor/Deprecated.cs' contains partial class of Unity.Object, exactly 1 of the partial classes needs to be in a file with the same filename. This is to know the one that can be referenced from ie. GameObjects
Refreshing native plugins compatible for Editor in 5.13 ms, found 6 plugins.
Unloading 67 Unused Serialized files (Serialized files now loaded: 0)
Unloading 11078 unused Assets / (20.4 MB). Loaded Objects now: 12140.
Memory consumption went from 0.60 GB to 0.58 GB.
Total: 21.404400 ms (FindLiveObjects: 1.048500 ms CreateObjectMapping: 0.631900 ms MarkObjects: 16.042600 ms  DeleteObjects: 3.306800 ms)

Prepare: number of updated asset objects reloaded= 0
========================================================================
Received Prepare
AcceleratorClientConnectionCallback - disconnected - :0
[Licensing::Client] Successfully resolved entitlement details
Begin MonoManager ReloadAssembly
Symbol file LoadedFromMemory is not a mono symbol file
Symbol file LoadedFromMemory is not a mono symbol file
'Packages/com.unity.render-pipelines.core/Editor/Deprecated.cs' contains partial class of Unity.Object, exactly 1 of the partial classes needs to be in a file with the same filename. This is to know the one that can be referenced from ie. GameObjects
'Packages/com.unity.render-pipelines.core/Editor/Deprecated.cs' contains partial class of Unity.Object, exactly 1 of the partial classes needs to be in a file with the same filename. This is to know the one that can be referenced from ie. GameObjects
Refreshing native plugins compatible for Editor in 2.98 ms, found 6 plugins.
Native extension for WindowsStandalone target not found
Native extension for WebGL target not found
[Package Manager] Failed to launch server process. Reason: Unity was launched with the -noUpm command-line argument
[Package Manager] Unable to send message (not connected to server process).
[Package Manager] Cannot connect to Unity Package Manager local server
Refreshing native plugins compatible for Editor in 3.43 ms, found 6 plugins.
[Package Manager] Failed to launch server process. Reason: Unity was launched with the -noUpm command-line argument
[Package Manager] Unable to send message (not connected to server process).
[Package Manager] Cannot connect to Unity Package Manager local server
[Licensing::Client] Error: Code 404 while processing request (status: Found 0 entitlement groups and 0 free entitlements matching requested entitlement ids)
ScheduleIndexationOnStartup MainProcess:False IndexOnStartup:True
Scripting: successfully reloaded assembly
- Finished resetting the current domain, in  1.577 seconds
Domain Reload Profiling: 2819ms
	BeginReloadAssembly (282ms)
		DisableScriptedObjects (16ms)
		CreateAndSetChildDomain (94ms)
	RebuildCommonClasses (12ms)
	RebuildNativeTypeToScriptingClass (16ms)
	initialDomainReloadingComplete (88ms)
	LoadAllAssembliesAndSetupDomain (844ms)
		LoadAssemblies (393ms)
		TypeCache.Refresh (15ms)
		AnalyzeDomain (355ms)
			BuildScriptInfoCaches (348ms)
			ResolveRequiredComponents (5ms)
	FinalizeReload (1578ms)
		SetupLoadedEditorAssemblies (0ms)
			BeforeProcessingInitializeOnLoad (157ms)
			ProcessInitializeOnLoadAttributes (714ms)
			ProcessInitializeOnLoadMethodAttributes (436ms)
			AfterProcessingInitializeOnLoad (4ms)
		AwakeInstancesAfterBackupRestoration (22ms)
Refreshing native plugins compatible for Editor in 3.20 ms, found 6 plugins.
Unloading 67 Unused Serialized files (Serialized files now loaded: 0)
Unloading 11103 unused Assets / (22.1 MB). Loaded Objects now: 12143.
Memory consumption went from 0.60 GB to 0.58 GB.
Total: 18.061800 ms (FindLiveObjects: 0.919300 ms CreateObjectMapping: 0.554400 ms MarkObjects: 13.356400 ms  DeleteObjects: 2.889000 ms)

Prepare: number of updated asset objects reloaded= 0
========================================================================
Received Prepare
AcceleratorClientConnectionCallback - disconnected - :0
'Packages/com.unity.render-pipelines.core/Editor/Deprecated.cs' contains partial class of Unity.Object, exactly 1 of the partial classes needs to be in a file with the same filename. This is to know the one that can be referenced from ie. GameObjects
'Packages/com.unity.render-pipelines.core/Editor/Deprecated.cs' contains partial class of Unity.Object, exactly 1 of the partial classes needs to be in a file with the same filename. This is to know the one that can be referenced from ie. GameObjects
Refreshing native plugins compatible for Editor in 3.35 ms, found 6 plugins.
Unloading 67 Unused Serialized files (Serialized files now loaded: 0)
Unloading 11078 unused Assets / (22.4 MB). Loaded Objects now: 12143.
Memory consumption went from 0.60 GB to 0.58 GB.
Total: 20.178700 ms (FindLiveObjects: 0.998800 ms CreateObjectMapping: 0.660100 ms MarkObjects: 14.134700 ms  DeleteObjects: 4.028400 ms)

Prepare: number of updated asset objects reloaded= 0
========================================================================
Received Prepare
AcceleratorClientConnectionCallback - disconnected - :0
[Licensing::Client] Successfully resolved entitlement details
Begin MonoManager ReloadAssembly
Symbol file LoadedFromMemory is not a mono symbol file
Symbol file LoadedFromMemory is not a mono symbol file
'Packages/com.unity.render-pipelines.core/Editor/Deprecated.cs' contains partial class of Unity.Object, exactly 1 of the partial classes needs to be in a file with the same filename. This is to know the one that can be referenced from ie. GameObjects
'Packages/com.unity.render-pipelines.core/Editor/Deprecated.cs' contains partial class of Unity.Object, exactly 1 of the partial classes needs to be in a file with the same filename. This is to know the one that can be referenced from ie. GameObjects
Refreshing native plugins compatible for Editor in 4.07 ms, found 6 plugins.
Native extension for WindowsStandalone target not found
Native extension for WebGL target not found
[Package Manager] Failed to launch server process. Reason: Unity was launched with the -noUpm command-line argument
[Package Manager] Unable to send message (not connected to server process).
[Package Manager] Cannot connect to Unity Package Manager local server
Refreshing native plugins compatible for Editor in 3.45 ms, found 6 plugins.
[Package Manager] Failed to launch server process. Reason: Unity was launched with the -noUpm command-line argument
[Package Manager] Unable to send message (not connected to server process).
[Package Manager] Cannot connect to Unity Package Manager local server
[Licensing::Client] Error: Code 404 while processing request (status: Found 0 entitlement groups and 0 free entitlements matching requested entitlement ids)
ScheduleIndexationOnStartup MainProcess:False IndexOnStartup:True
Scripting: successfully reloaded assembly
- Finished resetting the current domain, in  1.670 seconds
Domain Reload Profiling: 2930ms
	BeginReloadAssembly (281ms)
		DisableScriptedObjects (19ms)
		CreateAndSetChildDomain (88ms)
	RebuildCommonClasses (9ms)
	RebuildNativeTypeToScriptingClass (17ms)
	initialDomainReloadingComplete (101ms)
	LoadAllAssembliesAndSetupDomain (849ms)
		LoadAssemblies (410ms)
		TypeCache.Refresh (19ms)
		AnalyzeDomain (342ms)
			BuildScriptInfoCaches (335ms)
			ResolveRequiredComponents (5ms)
	FinalizeReload (1671ms)
		SetupLoadedEditorAssemblies (0ms)
			LogAssemblyErrors (4ms)
			BeforeProcessingInitializeOnLoad (163ms)
			ProcessInitializeOnLoadAttributes (747ms)
			ProcessInitializeOnLoadMethodAttributes (442ms)
			AfterProcessingInitializeOnLoad (4ms)
		AwakeInstancesAfterBackupRestoration (27ms)
Refreshing native plugins compatible for Editor in 3.57 ms, found 6 plugins.
Unloading 67 Unused Serialized files (Serialized files now loaded: 0)
Unloading 11103 unused Assets / (21.8 MB). Loaded Objects now: 12146.
Memory consumption went from 0.61 GB to 0.59 GB.
Total: 17.630400 ms (FindLiveObjects: 0.914000 ms CreateObjectMapping: 0.557900 ms MarkObjects: 13.025000 ms  DeleteObjects: 2.791100 ms)

Prepare: number of updated asset objects reloaded= 0
========================================================================
Received Prepare
AcceleratorClientConnectionCallback - disconnected - :0
'Packages/com.unity.render-pipelines.core/Editor/Deprecated.cs' contains partial class of Unity.Object, exactly 1 of the partial classes needs to be in a file with the same filename. This is to know the one that can be referenced from ie. GameObjects
'Packages/com.unity.render-pipelines.core/Editor/Deprecated.cs' contains partial class of Unity.Object, exactly 1 of the partial classes needs to be in a file with the same filename. This is to know the one that can be referenced from ie. GameObjects
Refreshing native plugins compatible for Editor in 2.90 ms, found 6 plugins.
Unloading 67 Unused Serialized files (Serialized files now loaded: 0)
Unloading 11078 unused Assets / (21.8 MB). Loaded Objects now: 12146.
Memory consumption went from 0.61 GB to 0.59 GB.
Total: 18.358000 ms (FindLiveObjects: 1.292100 ms CreateObjectMapping: 0.578900 ms MarkObjects: 13.292300 ms  DeleteObjects: 2.842500 ms)

Prepare: number of updated asset objects reloaded= 0
========================================================================
Received Prepare
AcceleratorClientConnectionCallback - disconnected - :0
Begin MonoManager ReloadAssembly
Symbol file LoadedFromMemory is not a mono symbol file
Symbol file LoadedFromMemory is not a mono symbol file
'Packages/com.unity.render-pipelines.core/Editor/Deprecated.cs' contains partial class of Unity.Object, exactly 1 of the partial classes needs to be in a file with the same filename. This is to know the one that can be referenced from ie. GameObjects
'Packages/com.unity.render-pipelines.core/Editor/Deprecated.cs' contains partial class of Unity.Object, exactly 1 of the partial classes needs to be in a file with the same filename. This is to know the one that can be referenced from ie. GameObjects
Refreshing native plugins compatible for Editor in 2.74 ms, found 6 plugins.
Native extension for WindowsStandalone target not found
Native extension for WebGL target not found
[Package Manager] Failed to launch server process. Reason: Unity was launched with the -noUpm command-line argument
[Package Manager] Unable to send message (not connected to server process).
[Package Manager] Cannot connect to Unity Package Manager local server
Refreshing native plugins compatible for Editor in 5.27 ms, found 6 plugins.
[Package Manager] Failed to launch server process. Reason: Unity was launched with the -noUpm command-line argument
[Package Manager] Unable to send message (not connected to server process).
[Package Manager] Cannot connect to Unity Package Manager local server
[Licensing::Client] Error: Code 404 while processing request (status: Found 0 entitlement groups and 0 free entitlements matching requested entitlement ids)
ScheduleIndexationOnStartup MainProcess:False IndexOnStartup:True
Scripting: successfully reloaded assembly
- Finished resetting the current domain, in  1.640 seconds
Domain Reload Profiling: 2968ms
	BeginReloadAssembly (303ms)
		DisableScriptedObjects (16ms)
		CreateAndSetChildDomain (101ms)
	RebuildCommonClasses (9ms)
	RebuildNativeTypeToScriptingClass (18ms)
	initialDomainReloadingComplete (98ms)
	LoadAllAssembliesAndSetupDomain (899ms)
		LoadAssemblies (404ms)
		TypeCache.Refresh (15ms)
		AnalyzeDomain (395ms)
			BuildScriptInfoCaches (389ms)
			ResolveRequiredComponents (5ms)
	FinalizeReload (1641ms)
		SetupLoadedEditorAssemblies (0ms)
			BeforeProcessingInitializeOnLoad (165ms)
			ProcessInitializeOnLoadAttributes (747ms)
			ProcessInitializeOnLoadMethodAttributes (458ms)
			AfterProcessingInitializeOnLoad (4ms)
		AwakeInstancesAfterBackupRestoration (22ms)
Refreshing native plugins compatible for Editor in 3.09 ms, found 6 plugins.
Unloading 67 Unused Serialized files (Serialized files now loaded: 0)
Unloading 11103 unused Assets / (22.1 MB). Loaded Objects now: 12149.
Memory consumption went from 0.62 GB to 0.59 GB.
Total: 17.435500 ms (FindLiveObjects: 1.037300 ms CreateObjectMapping: 0.583700 ms MarkObjects: 12.696400 ms  DeleteObjects: 2.776300 ms)

Prepare: number of updated asset objects reloaded= 0
========================================================================
Received Prepare
AcceleratorClientConnectionCallback - disconnected - :0
'Packages/com.unity.render-pipelines.core/Editor/Deprecated.cs' contains partial class of Unity.Object, exactly 1 of the partial classes needs to be in a file with the same filename. This is to know the one that can be referenced from ie. GameObjects
'Packages/com.unity.render-pipelines.core/Editor/Deprecated.cs' contains partial class of Unity.Object, exactly 1 of the partial classes needs to be in a file with the same filename. This is to know the one that can be referenced from ie. GameObjects
Refreshing native plugins compatible for Editor in 4.62 ms, found 6 plugins.
Unloading 67 Unused Serialized files (Serialized files now loaded: 0)
Unloading 11078 unused Assets / (21.7 MB). Loaded Objects now: 12149.
Memory consumption went from 0.62 GB to 0.60 GB.
Total: 22.098400 ms (FindLiveObjects: 1.108600 ms CreateObjectMapping: 0.866000 ms MarkObjects: 15.886000 ms  DeleteObjects: 3.886100 ms)

Prepare: number of updated asset objects reloaded= 0
========================================================================
Received Prepare
AcceleratorClientConnectionCallback - disconnected - :0
Begin MonoManager ReloadAssembly
Symbol file LoadedFromMemory is not a mono symbol file
Symbol file LoadedFromMemory is not a mono symbol file
'Packages/com.unity.render-pipelines.core/Editor/Deprecated.cs' contains partial class of Unity.Object, exactly 1 of the partial classes needs to be in a file with the same filename. This is to know the one that can be referenced from ie. GameObjects
'Packages/com.unity.render-pipelines.core/Editor/Deprecated.cs' contains partial class of Unity.Object, exactly 1 of the partial classes needs to be in a file with the same filename. This is to know the one that can be referenced from ie. GameObjects
Refreshing native plugins compatible for Editor in 3.72 ms, found 6 plugins.
Native extension for WindowsStandalone target not found
Native extension for WebGL target not found
[Package Manager] Failed to launch server process. Reason: Unity was launched with the -noUpm command-line argument
[Package Manager] Unable to send message (not connected to server process).
[Package Manager] Cannot connect to Unity Package Manager local server
Refreshing native plugins compatible for Editor in 5.31 ms, found 6 plugins.
[Package Manager] Failed to launch server process. Reason: Unity was launched with the -noUpm command-line argument
[Package Manager] Unable to send message (not connected to server process).
[Package Manager] Cannot connect to Unity Package Manager local server
[Licensing::Client] Error: Code 404 while processing request (status: Found 0 entitlement groups and 0 free entitlements matching requested entitlement ids)
ScheduleIndexationOnStartup MainProcess:False IndexOnStartup:True
Scripting: successfully reloaded assembly
- Finished resetting the current domain, in  1.723 seconds
Domain Reload Profiling: 2946ms
	BeginReloadAssembly (299ms)
		DisableScriptedObjects (16ms)
		CreateAndSetChildDomain (109ms)
	RebuildCommonClasses (10ms)
	RebuildNativeTypeToScriptingClass (15ms)
	initialDomainReloadingComplete (86ms)
	LoadAllAssembliesAndSetupDomain (812ms)
		LoadAssemblies (392ms)
		TypeCache.Refresh (14ms)
		AnalyzeDomain (331ms)
			BuildScriptInfoCaches (323ms)
			ResolveRequiredComponents (6ms)
	FinalizeReload (1724ms)
		SetupLoadedEditorAssemblies (0ms)
			BeforeProcessingInitializeOnLoad (169ms)
			ProcessInitializeOnLoadAttributes (737ms)
			ProcessInitializeOnLoadMethodAttributes (484ms)
			AfterProcessingInitializeOnLoad (6ms)
		AwakeInstancesAfterBackupRestoration (32ms)
Refreshing native plugins compatible for Editor in 4.73 ms, found 6 plugins.
Unloading 67 Unused Serialized files (Serialized files now loaded: 0)
Unloading 11103 unused Assets / (22.4 MB). Loaded Objects now: 12152.
Memory consumption went from 0.62 GB to 0.60 GB.
Total: 22.341600 ms (FindLiveObjects: 1.029700 ms CreateObjectMapping: 0.609700 ms MarkObjects: 17.415400 ms  DeleteObjects: 2.937300 ms)

Prepare: number of updated asset objects reloaded= 0
========================================================================
Received Prepare
AcceleratorClientConnectionCallback - disconnected - :0
'Packages/com.unity.render-pipelines.core/Editor/Deprecated.cs' contains partial class of Unity.Object, exactly 1 of the partial classes needs to be in a file with the same filename. This is to know the one that can be referenced from ie. GameObjects
'Packages/com.unity.render-pipelines.core/Editor/Deprecated.cs' contains partial class of Unity.Object, exactly 1 of the partial classes needs to be in a file with the same filename. This is to know the one that can be referenced from ie. GameObjects
Refreshing native plugins compatible for Editor in 5.87 ms, found 6 plugins.
Unloading 67 Unused Serialized files (Serialized files now loaded: 0)
Unloading 11078 unused Assets / (22.0 MB). Loaded Objects now: 12152.
Memory consumption went from 0.62 GB to 0.60 GB.
Total: 26.182900 ms (FindLiveObjects: 1.141100 ms CreateObjectMapping: 0.883200 ms MarkObjects: 19.747500 ms  DeleteObjects: 4.010600 ms)

Prepare: number of updated asset objects reloaded= 0
========================================================================
Received Prepare
AcceleratorClientConnectionCallback - disconnected - :0
[Licensing::Client] Successfully resolved entitlement details
Begin MonoManager ReloadAssembly
Symbol file LoadedFromMemory is not a mono symbol file
Symbol file LoadedFromMemory is not a mono symbol file
'Packages/com.unity.render-pipelines.core/Editor/Deprecated.cs' contains partial class of Unity.Object, exactly 1 of the partial classes needs to be in a file with the same filename. This is to know the one that can be referenced from ie. GameObjects
'Packages/com.unity.render-pipelines.core/Editor/Deprecated.cs' contains partial class of Unity.Object, exactly 1 of the partial classes needs to be in a file with the same filename. This is to know the one that can be referenced from ie. GameObjects
Refreshing native plugins compatible for Editor in 3.06 ms, found 6 plugins.
Native extension for WindowsStandalone target not found
Native extension for WebGL target not found
[Package Manager] Failed to launch server process. Reason: Unity was launched with the -noUpm command-line argument
[Package Manager] Unable to send message (not connected to server process).
[Package Manager] Cannot connect to Unity Package Manager local server
Refreshing native plugins compatible for Editor in 3.68 ms, found 6 plugins.
[Package Manager] Failed to launch server process. Reason: Unity was launched with the -noUpm command-line argument
[Package Manager] Unable to send message (not connected to server process).
[Package Manager] Cannot connect to Unity Package Manager local server
[Licensing::Client] Error: Code 404 while processing request (status: Found 0 entitlement groups and 0 free entitlements matching requested entitlement ids)
ScheduleIndexationOnStartup MainProcess:False IndexOnStartup:True
Scripting: successfully reloaded assembly
- Finished resetting the current domain, in  2.735 seconds
Domain Reload Profiling: 4090ms
	BeginReloadAssembly (322ms)
		DisableScriptedObjects (16ms)
		CreateAndSetChildDomain (110ms)
	RebuildCommonClasses (10ms)
	RebuildNativeTypeToScriptingClass (17ms)
	initialDomainReloadingComplete (90ms)
	LoadAllAssembliesAndSetupDomain (916ms)
		LoadAssemblies (429ms)
		TypeCache.Refresh (14ms)
		AnalyzeDomain (396ms)
			BuildScriptInfoCaches (387ms)
			ResolveRequiredComponents (7ms)
	FinalizeReload (2736ms)
		SetupLoadedEditorAssemblies (0ms)
			InitializePlatformSupportModulesInManaged (5ms)
			BeforeProcessingInitializeOnLoad (383ms)
			ProcessInitializeOnLoadAttributes (1295ms)
			ProcessInitializeOnLoadMethodAttributes (555ms)
			AfterProcessingInitializeOnLoad (4ms)
		AwakeInstancesAfterBackupRestoration (26ms)
Refreshing native plugins compatible for Editor in 2.93 ms, found 6 plugins.
Unloading 67 Unused Serialized files (Serialized files now loaded: 0)
Unloading 11103 unused Assets / (20.9 MB). Loaded Objects now: 12155.
Memory consumption went from 0.63 GB to 0.61 GB.
Total: 18.653400 ms (FindLiveObjects: 0.927400 ms CreateObjectMapping: 0.545200 ms MarkObjects: 13.083700 ms  DeleteObjects: 3.741000 ms)

Prepare: number of updated asset objects reloaded= 0
========================================================================
Received Prepare
AcceleratorClientConnectionCallback - disconnected - :0
Begin MonoManager ReloadAssembly
Symbol file LoadedFromMemory is not a mono symbol file
Symbol file LoadedFromMemory is not a mono symbol file
'Packages/com.unity.render-pipelines.core/Editor/Deprecated.cs' contains partial class of Unity.Object, exactly 1 of the partial classes needs to be in a file with the same filename. This is to know the one that can be referenced from ie. GameObjects
'Packages/com.unity.render-pipelines.core/Editor/Deprecated.cs' contains partial class of Unity.Object, exactly 1 of the partial classes needs to be in a file with the same filename. This is to know the one that can be referenced from ie. GameObjects
Refreshing native plugins compatible for Editor in 4.92 ms, found 6 plugins.
Native extension for WindowsStandalone target not found
Native extension for WebGL target not found
[Package Manager] Failed to launch server process. Reason: Unity was launched with the -noUpm command-line argument
[Package Manager] Unable to send message (not connected to server process).
[Package Manager] Cannot connect to Unity Package Manager local server
Refreshing native plugins compatible for Editor in 5.77 ms, found 6 plugins.
[Package Manager] Failed to launch server process. Reason: Unity was launched with the -noUpm command-line argument
[Package Manager] Unable to send message (not connected to server process).
[Package Manager] Cannot connect to Unity Package Manager local server
[Licensing::Client] Error: Code 404 while processing request (status: Found 0 entitlement groups and 0 free entitlements matching requested entitlement ids)
ScheduleIndexationOnStartup MainProcess:False IndexOnStartup:True
Scripting: successfully reloaded assembly
- Finished resetting the current domain, in  1.670 seconds
Domain Reload Profiling: 2909ms
	BeginReloadAssembly (287ms)
		DisableScriptedObjects (18ms)
		CreateAndSetChildDomain (96ms)
	RebuildCommonClasses (10ms)
	RebuildNativeTypeToScriptingClass (19ms)
	initialDomainReloadingComplete (80ms)
	LoadAllAssembliesAndSetupDomain (841ms)
		LoadAssemblies (385ms)
		TypeCache.Refresh (13ms)
		AnalyzeDomain (358ms)
			BuildScriptInfoCaches (351ms)
			ResolveRequiredComponents (5ms)
	FinalizeReload (1671ms)
		SetupLoadedEditorAssemblies (0ms)
			BeforeProcessingInitializeOnLoad (174ms)
			ProcessInitializeOnLoadAttributes (792ms)
			ProcessInitializeOnLoadMethodAttributes (436ms)
			AfterProcessingInitializeOnLoad (4ms)
		AwakeInstancesAfterBackupRestoration (27ms)
Refreshing native plugins compatible for Editor in 3.76 ms, found 6 plugins.
Unloading 67 Unused Serialized files (Serialized files now loaded: 0)
Unloading 11103 unused Assets / (20.1 MB). Loaded Objects now: 12158.
Memory consumption went from 0.63 GB to 0.61 GB.
Total: 18.188000 ms (FindLiveObjects: 1.182500 ms CreateObjectMapping: 0.602700 ms MarkObjects: 13.086000 ms  DeleteObjects: 2.963800 ms)

Prepare: number of updated asset objects reloaded= 0
========================================================================
Received Prepare
AcceleratorClientConnectionCallback - disconnected - :0
'Packages/com.unity.render-pipelines.core/Editor/Deprecated.cs' contains partial class of Unity.Object, exactly 1 of the partial classes needs to be in a file with the same filename. This is to know the one that can be referenced from ie. GameObjects
'Packages/com.unity.render-pipelines.core/Editor/Deprecated.cs' contains partial class of Unity.Object, exactly 1 of the partial classes needs to be in a file with the same filename. This is to know the one that can be referenced from ie. GameObjects
Refreshing native plugins compatible for Editor in 4.13 ms, found 6 plugins.
Unloading 67 Unused Serialized files (Serialized files now loaded: 0)
Unloading 11078 unused Assets / (21.7 MB). Loaded Objects now: 12158.
Memory consumption went from 0.64 GB to 0.62 GB.
Total: 21.260600 ms (FindLiveObjects: 1.041100 ms CreateObjectMapping: 0.674200 ms MarkObjects: 15.203100 ms  DeleteObjects: 3.996000 ms)

Prepare: number of updated asset objects reloaded= 0
========================================================================
Received Prepare
AcceleratorClientConnectionCallback - disconnected - :0
[Licensing::Client] Successfully resolved entitlement details
Begin MonoManager ReloadAssembly
Symbol file LoadedFromMemory is not a mono symbol file
Symbol file LoadedFromMemory is not a mono symbol file
'Packages/com.unity.render-pipelines.core/Editor/Deprecated.cs' contains partial class of Unity.Object, exactly 1 of the partial classes needs to be in a file with the same filename. This is to know the one that can be referenced from ie. GameObjects
'Packages/com.unity.render-pipelines.core/Editor/Deprecated.cs' contains partial class of Unity.Object, exactly 1 of the partial classes needs to be in a file with the same filename. This is to know the one that can be referenced from ie. GameObjects
Refreshing native plugins compatible for Editor in 4.66 ms, found 6 plugins.
Native extension for WindowsStandalone target not found
Native extension for WebGL target not found
[Package Manager] Failed to launch server process. Reason: Unity was launched with the -noUpm command-line argument
[Package Manager] Unable to send message (not connected to server process).
[Package Manager] Cannot connect to Unity Package Manager local server
Refreshing native plugins compatible for Editor in 5.16 ms, found 6 plugins.
[Package Manager] Failed to launch server process. Reason: Unity was launched with the -noUpm command-line argument
[Package Manager] Unable to send message (not connected to server process).
[Package Manager] Cannot connect to Unity Package Manager local server
[Licensing::Client] Error: Code 404 while processing request (status: Found 0 entitlement groups and 0 free entitlements matching requested entitlement ids)
ScheduleIndexationOnStartup MainProcess:False IndexOnStartup:True
Scripting: successfully reloaded assembly
- Finished resetting the current domain, in  1.974 seconds
Domain Reload Profiling: 3287ms
	BeginReloadAssembly (309ms)
		DisableScriptedObjects (15ms)
		CreateAndSetChildDomain (104ms)
	RebuildCommonClasses (11ms)
	RebuildNativeTypeToScriptingClass (19ms)
	initialDomainReloadingComplete (88ms)
	LoadAllAssembliesAndSetupDomain (885ms)
		LoadAssemblies (418ms)
		TypeCache.Refresh (14ms)
		AnalyzeDomain (368ms)
			BuildScriptInfoCaches (361ms)
			ResolveRequiredComponents (6ms)
	FinalizeReload (1976ms)
		SetupLoadedEditorAssemblies (0ms)
			LogAssemblyErrors (4ms)
			BeforeProcessingInitializeOnLoad (215ms)
			ProcessInitializeOnLoadAttributes (893ms)
			ProcessInitializeOnLoadMethodAttributes (530ms)
			AfterProcessingInitializeOnLoad (6ms)
		AwakeInstancesAfterBackupRestoration (28ms)
Refreshing native plugins compatible for Editor in 4.30 ms, found 6 plugins.
Unloading 67 Unused Serialized files (Serialized files now loaded: 0)
Unloading 11103 unused Assets / (20.7 MB). Loaded Objects now: 12161.
Memory consumption went from 0.64 GB to 0.62 GB.
Total: 22.029200 ms (FindLiveObjects: 0.978600 ms CreateObjectMapping: 0.540400 ms MarkObjects: 17.018000 ms  DeleteObjects: 3.136600 ms)

Prepare: number of updated asset objects reloaded= 0
========================================================================
Received Prepare
AcceleratorClientConnectionCallback - disconnected - :0
'Packages/com.unity.render-pipelines.core/Editor/Deprecated.cs' contains partial class of Unity.Object, exactly 1 of the partial classes needs to be in a file with the same filename. This is to know the one that can be referenced from ie. GameObjects
'Packages/com.unity.render-pipelines.core/Editor/Deprecated.cs' contains partial class of Unity.Object, exactly 1 of the partial classes needs to be in a file with the same filename. This is to know the one that can be referenced from ie. GameObjects
Refreshing native plugins compatible for Editor in 6.10 ms, found 6 plugins.
Unloading 67 Unused Serialized files (Serialized files now loaded: 0)
Unloading 11078 unused Assets / (20.9 MB). Loaded Objects now: 12161.
Memory consumption went from 0.64 GB to 0.62 GB.
Total: 29.758400 ms (FindLiveObjects: 1.304800 ms CreateObjectMapping: 1.550600 ms MarkObjects: 22.264900 ms  DeleteObjects: 4.251200 ms)

Prepare: number of updated asset objects reloaded= 0
========================================================================
Received Prepare
AcceleratorClientConnectionCallback - disconnected - :0
[Licensing::Client] Successfully resolved entitlement details
Begin MonoManager ReloadAssembly
Symbol file LoadedFromMemory is not a mono symbol file
Symbol file LoadedFromMemory is not a mono symbol file
'Packages/com.unity.render-pipelines.core/Editor/Deprecated.cs' contains partial class of Unity.Object, exactly 1 of the partial classes needs to be in a file with the same filename. This is to know the one that can be referenced from ie. GameObjects
'Packages/com.unity.render-pipelines.core/Editor/Deprecated.cs' contains partial class of Unity.Object, exactly 1 of the partial classes needs to be in a file with the same filename. This is to know the one that can be referenced from ie. GameObjects
Refreshing native plugins compatible for Editor in 3.32 ms, found 6 plugins.
Native extension for WindowsStandalone target not found
Native extension for WebGL target not found
[Package Manager] Failed to launch server process. Reason: Unity was launched with the -noUpm command-line argument
[Package Manager] Unable to send message (not connected to server process).
[Package Manager] Cannot connect to Unity Package Manager local server
Refreshing native plugins compatible for Editor in 8.11 ms, found 6 plugins.
[Package Manager] Failed to launch server process. Reason: Unity was launched with the -noUpm command-line argument
[Package Manager] Unable to send message (not connected to server process).
[Package Manager] Cannot connect to Unity Package Manager local server
[Licensing::Client] Error: Code 404 while processing request (status: Found 0 entitlement groups and 0 free entitlements matching requested entitlement ids)
ScheduleIndexationOnStartup MainProcess:False IndexOnStartup:True
Scripting: successfully reloaded assembly
- Finished resetting the current domain, in  1.776 seconds
Domain Reload Profiling: 3309ms
	BeginReloadAssembly (403ms)
		DisableScriptedObjects (23ms)
		CreateAndSetChildDomain (150ms)
	RebuildCommonClasses (13ms)
	RebuildNativeTypeToScriptingClass (27ms)
	initialDomainReloadingComplete (122ms)
	LoadAllAssembliesAndSetupDomain (966ms)
		LoadAssemblies (494ms)
		TypeCache.Refresh (16ms)
		AnalyzeDomain (387ms)
			BuildScriptInfoCaches (378ms)
			ResolveRequiredComponents (8ms)
	FinalizeReload (1777ms)
		SetupLoadedEditorAssemblies (0ms)
			BeforeProcessingInitializeOnLoad (171ms)
			ProcessInitializeOnLoadAttributes (846ms)
			ProcessInitializeOnLoadMethodAttributes (472ms)
			AfterProcessingInitializeOnLoad (4ms)
		AwakeInstancesAfterBackupRestoration (28ms)
Refreshing native plugins compatible for Editor in 3.23 ms, found 6 plugins.
Unloading 67 Unused Serialized files (Serialized files now loaded: 0)
Unloading 11103 unused Assets / (22.0 MB). Loaded Objects now: 12164.
Memory consumption went from 0.65 GB to 0.63 GB.
Total: 17.691100 ms (FindLiveObjects: 0.925800 ms CreateObjectMapping: 0.584800 ms MarkObjects: 12.904000 ms  DeleteObjects: 2.925700 ms)

Prepare: number of updated asset objects reloaded= 0
========================================================================
Received Prepare
AcceleratorClientConnectionCallback - disconnected - :0
Refreshing native plugins compatible for Editor in 3.35 ms, found 6 plugins.
Unloading 67 Unused Serialized files (Serialized files now loaded: 0)
Unloading 67 unused Assets / (14.6 MB). Loaded Objects now: 12164.
Memory consumption went from 0.64 GB to 0.63 GB.
Total: 18.439700 ms (FindLiveObjects: 0.710200 ms CreateObjectMapping: 0.331600 ms MarkObjects: 15.141700 ms  DeleteObjects: 1.907400 ms)

Prepare: number of updated asset objects reloaded= 0
Editor requested this worker to shutdown with reason: Editor is closing down
AcceleratorClientConnectionCallback - disconnected - :0
AssetImportWorker is now disconnected from the server
Process exiting
[ExitDontLaunchBugReporter] Exiting without the bug reporter. Application will exit with return code 0
